1.894,0
1.888,6018
1.896,12020
1.903,18023
1.886,24025
1.886,30083
1.879,36086
1.924,42089
1.896,48091
1.885,54094
1.897,60096
1.91,66105
1.895,72106
1.898,78165
1.872,84167
1.901,90170
1.897,96172
1.872,102175
1.894,108177
1.915,114179
1.867,120184
1.892,126243
1.888,132246
1.883,138248
1.888,144251
1.884,150253
1.91,156255
1.887,162257
1.878,168259
1.897,174318
1.881,180325
1.878,186328
1.899,192330
1.923,198333
1.891,204335
1.883,210337
1.881,216339
1.894,222398
1.921,228401
1.883,234415
1.901,240417
1.885,246420
1.899,252422
1.898,258424
1.897,264425
1.883,270484
1.878,276487
1.876,282489
1.893,288495
1.87,294498
1.879,300500
1.87,306501
1.867,312504
1.884,318562
1.887,324565
1.87,330568
1.87,336570
1.898,342575
1.862,348577
1.846,354579
1.883,360581
1.876,366640
1.882,372643
1.874,378646
1.875,384648
1.88,390651
1.871,396653
1.873,402665
1.872,408667
1.872,414725
1.889,420728
1.892,426731
1.913,432733
1.901,438736
1.896,444738
1.869,450740
1.879,456745
1.882,462803
1.873,468806
1.845,474808
1.866,480810
1.872,486813
1.883,492815
1.897,498818
1.892,504820
1.897,510822
1.914,516824
1.894,522826
1.903,528829
1.883,534831
1.869,540833
1.905,546835
1.921,552837
1.897,558896
1.892,564905
1.888,570908
1.909,576910
1.891,582912
1.853,588914
1.882,594916
1.897,600918
1.899,606977
1.873,612980
1.876,618985
1.899,624987
1.894,630989
1.913,636992
1.881,642994
1.894,648996
1.856,655054
1.887,661057
1.9,667060
1.87,673065
1.897,679067
1.897,685069
1.889,691071
1.879,697074
1.897,703132
1.884,709135
1.879,715138
1.882,721140
1.883,727142
1.889,733155
1.896,739156
1.878,745158
1.884,751217
1.883,757220
1.875,763222
1.881,769224
1.889,775227
1.887,781229
1.883,787235
1.892,793237
1.897,799295
1.895,805298
1.878,811301
1.884,817304
1.868,823306
1.869,829308
1.866,835310
1.882,841315
1.918,847374
1.877,853377
1.882,859379
1.855,865382
1.869,871385
1.861,877387
1.872,883389
1.879,889391
1.83,895451
1.878,901454
1.879,907457
1.853,913459
1.882,919461
1.915,925464
1.868,931466
1.886,937468
1.924,943527
1.856,949535
1.875,955538
1.894,961540
1.903,967543
1.896,973545
1.884,979547
1.868,985549
1.87,991607
1.894,997611
1.888,1003614
1.915,1009617
1.874,1015619
1.883,1021621
1.889,1027624
1.875,1033625
1.88,1039684
1.876,1045687
1.891,1051690
1.894,1057695
1.903,1063698
1.911,1069700
1.872,1075701
1.864,1081704
1.891,1087763
1.885,1093766
1.891,1099768
1.888,1105770
1.894,1111775
1.915,1117777
1.878,1123780
1.843,1129782
1.889,1135841
1.894,1141844
1.897,1147846
1.87,1153848
1.888,1159855
1.908,1165857
1.888,1171860
1.896,1177862
1.884,1183921
1.884,1189924
1.889,1195926
1.895,1201928
1.87,1207931
1.879,1213944
1.871,1219946
1.872,1225949
1.849,1232007
1.879,1238011
1.881,1244014
1.906,1250016
1.87,1256018
1.872,1262025
1.889,1268027
1.888,1274029
1.908,1280088
1.876,1286091
1.869,1292094
1.882,1298096
1.868,1304099
1.865,1310101
1.889,1316105
1.91,1322107
1.897,1328166
1.87,1334168
1.864,1340171
1.876,1346174
1.894,1352176
1.91,1358178
1.867,1364181
1.856,1370184
1.861,1376243
1.894,1382246
1.881,1388248
1.892,1394251
1.888,1400253
1.888,1406255
1.856,1412257
1.894,1418265
1.872,1424323
1.879,1430326
1.898,1436329
1.883,1442331
1.888,1448334
1.879,1454336
1.909,1460338
1.87,1466340
1.869,1472341
1.883,1478343
1.898,1484346
1.883,1490348
1.889,1496351
1.866,1502353
1.881,1508355
1.891,1514357
1.884,1520361
1.67,1526363
1.87,1532366
1.875,1538368
1.897,1544370
1.853,1550373
1.897,1556375
1.882,1562377
1.881,1568435
1.879,1574445
1.855,1580448
1.894,1586450
1.889,1592453
1.894,1598455
1.896,1604457
1.885,1610459
1.872,1616518
1.879,1622521
1.894,1628525
1.897,1634527
1.881,1640530
1.882,1646532
1.913,1652534
1.896,1658536
1.885,1664595
1.875,1670598
1.886,1676605
1.885,1682607
1.905,1688609
1.894,1694612
1.861,1700614
1.891,1706616
1.872,1712675
1.889,1718677
1.876,1724680
1.888,1730726
1.882,1736728
1.87,1742730
1.888,1748732
1.876,1754734
1.884,1760793
1.897,1766796
1.884,1772798
1.872,1778805
1.883,1784808
1.852,1790810
1.897,1796812
1.885,1802815
1.9,1808873
1.892,1814876
1.91,1820879
1.875,1826882
1.897,1832895
1.924,1838897
1.902,1844899
1.883,1850901
1.882,1856960
1.894,1862964
1.869,1868966
1.883,1874968
1.869,1880975
1.903,1886977
1.873,1892979
1.845,1898981
1.873,1905040
1.894,1911043
1.905,1917045
1.845,1923048
1.872,1929050
1.883,1935055
1.885,1941057
1.878,1947059
1.886,1953120
1.904,1959121
1.892,1965123
1.879,1971126
1.897,1977128
1.883,1983135
1.894,1989137
1.884,1995140
1.867,2001141
1.865,2007200
1.897,2013203
1.896,2019206
1.915,2025209
1.885,2031211
1.889,2037215
1.879,2043216
1.878,2049217
1.849,2055277
1.892,2061280
1.884,2067283
1.902,2073286
1.888,2079288
1.85,2085295
1.847,2091296
1.872,2097297
1.87,2103357
1.879,2109360
1.892,2115363
1.897,2121365
1.856,2127368
1.876,2133370
1.891,2139375
1.899,2145376
1.898,2151435
1.884,2157438
1.88,2163441
1.875,2169444
1.882,2175446
1.897,2181448
1.912,2187450
1.876,2193454
1.873,2199513
1.87,2205516
1.849,2211518
1.884,2217521
1.888,2223523
1.883,2229526
1.909,2235528
1.884,2241534
1.879,2247593
1.856,2253596
1.856,2259599
1.872,2265601
1.894,2271604
1.896,2277606
1.876,2283608
1.883,2289609
1.874,2295612
1.861,2301614
1.876,2307617
1.886,2313619
1.871,2319622
1.87,2325625
1.878,2331627
1.897,2337628
1.883,2343632
1.884,2349635
1.834,2355637
1.866,2361640
1.892,2367643
1.887,2373645
1.902,2379646
1.908,2385648
1.87,2391707
1.902,2397715
1.893,2403718
1.889,2409720
1.87,2415723
1.861,2421726
1.888,2427728
1.901,2433729
1.892,2439788
1.892,2445793
1.882,2451805
1.901,2457807
1.879,2463809
1.899,2469811
1.894,2475813
1.891,2481814
1.878,2487874
1.865,2493877
1.872,2499885
1.85,2505887
1.85,2511889
1.866,2517891
1.895,2523894
1.876,2529895
1.91,2535954
1.894,2541958
1.897,2547960
1.886,2553965
1.862,2559967
1.886,2565970
1.889,2571972
1.878,2577974
1.87,2584033
1.899,2590036
1.897,2596038
1.887,2602045
1.883,2608047
1.87,2614050
1.885,2620052
1.895,2626053
1.896,2632113
1.884,2638115
1.903,2644118
1.888,2650120
1.845,2656125
1.87,2662127
1.87,2668129
1.887,2674130
1.908,2680190
1.869,2686193
1.847,2692196
1.883,2698198
1.87,2704200
1.902,2710205
1.884,2716206
1.871,2722208
1.897,2728267
1.872,2734273
1.889,2740276
1.881,2746278
1.905,2752281
1.899,2758285
1.874,2764287
1.856,2770288
1.872,2776347
1.875,2782350
1.87,2788353
1.887,2794356
1.883,2800358
1.893,2806360
1.872,2812365
1.883,2818366
1.885,2824425
1.882,2830428
1.886,2836430
1.883,2842433
1.879,2848435
1.881,2854437
1.87,2860444
1.884,2866445
1.888,2872505
1.888,2878508
1.843,2884511
1.893,2890513
1.816,2896516
1.906,2902518
1.886,2908520
1.871,2914524
1.874,2920583
1.897,2926586
1.91,2932588
1.908,2938591
1.89,2944594
1.852,2950596
1.856,2956598
1.883,2962599
1.897,2968602
1.894,2974604
1.896,2980607
1.923,2986609
1.894,2992612
1.892,2998614
1.892,3004616
1.87,3010617
1.878,3016622
1.893,3022624
1.881,3028627
1.905,3034630
1.869,3040632
1.889,3046634
1.881,3052637
1.886,3058638
1.889,3064697
1.876,3070705
1.87,3076708
1.895,3082710
1.87,3088713
1.883,3094715
1.868,3100717
1.898,3106718
1.888,3112778
1.878,3118786
1.849,3124788
1.887,3130790
1.884,3136793
1.878,3142795
1.865,3148797
1.848,3154798
1.871,3160858
1.883,3166861
1.883,3172875
1.885,3178878
1.912,3184880
1.899,3190882
1.899,3196884
1.906,3202886
1.906,3208945
1.882,3214948
1.849,3220950
1.895,3226955
1.882,3232957
1.889,3238959
1.883,3244961
1.884,3250962
1.894,3257021
1.899,3263024
1.885,3269027
1.865,3275035
1.865,3281037
1.87,3287039
1.861,3293041
1.861,3299043
1.84,3305102
1.888,3311105
1.893,3317107
1.872,3323109
1.896,3329115
1.888,3335117
1.888,3341119
1.866,3347121
1.889,3353180
1.869,3359183
1.885,3365185
1.898,3371187
1.867,3377224
1.878,3383227
1.895,3389228
1.854,3395230
1.884,3401289
1.87,3407292
1.876,3413295
1.899,3419297
1.899,3425305
1.894,3431307
1.896,3437309
1.888,3443311
1.914,3449370
1.905,3455373
1.893,3461376
1.903,3467378
1.896,3473381
1.875,3479385
1.864,3485387
1.887,3491388
1.866,3497447
1.896,3503450
1.901,3509453
1.889,3515455
1.852,3521458
1.879,3527465
1.897,3533467
1.874,3539468
1.894,3545527
1.883,3551530
1.886,3557533
1.856,3563534
1.893,3569537
1.883,3575539
1.894,3581544
1.87,3587546
1.866,3593605
1.894,3599608
1.909,3605611
1.87,3611614
1.886,3617616
1.882,3623618
1.879,3629620
1.85,3635624
1.851,3641683
1.892,3647686
1.889,3653689
1.897,3659691
1.888,3665694
1.871,3671696
1.862,3677698
1.875,3683704
1.883,3689763
1.893,3695766
1.872,3701769
1.888,3707772
1.888,3713774
1.896,3719777
1.872,3725778
1.866,3731780
1.87,3737781
1.897,3743783
1.883,3749786
1.874,3755788
1.898,3761790
1.876,3767793
1.87,3773795
1.888,3779797
1.891,3785801
1.865,3791804
1.876,3797806
1.854,3803809
1.887,3809811
1.891,3815814
1.888,3821816
1.892,3827817
1.875,3833876
1.912,3839886
1.895,3845888
1.869,3851890
1.889,3857893
1.884,3863895
1.883,3869897
1.892,3875899
1.893,3881958
1.91,3887965
1.861,3893968
1.895,3899970
1.853,3905973
1.897,3911975
1.869,3917978
1.899,3923979
1.911,3930038
1.87,3936042
1.872,3942055
1.879,3948057
1.895,3954059
1.901,3960062
1.872,3966064
1.887,3972066
1.898,3978124
1.888,3984127
1.893,3990130
1.899,3996135
1.879,4002137
1.883,4008139
1.861,4014141
1.897,4020143
1.856,4026202
1.897,4032205
1.885,4038208
1.872,4044215
1.888,4050217
1.895,4056219
1.912,4062222
1.876,4068224
1.871,4074282
1.876,4080285
1.897,4086288
1.903,4092290
1.878,4098295
1.872,4104297
1.861,4110299
1.874,4116301
1.861,4122360
1.862,4128363
1.871,4134366
1.851,4140368
1.892,4146374
1.873,4152377
1.891,4158379
1.876,4164381
1.882,4170440
1.88,4176443
1.892,4182446
1.884,4188448
1.872,4194451
1.895,4200455
1.878,4206457
1.903,4212459
1.91,4218517
1.872,4224521
1.874,4230523
1.874,4236526
1.828,4242528
1.888,4248535
1.885,4254537
1.892,4260538
1.875,4266597
1.887,4272600
1.878,4278603
1.871,4284605
1.883,4290608
1.856,4296610
1.885,4302615
1.894,4308616
1.869,4314675
1.921,4320678
1.881,4326681
1.87,4332684
1.892,4338686
1.852,4344688
1.874,4350691
1.883,4356694
1.892,4362753
1.911,4368756
1.878,4374759
1.854,4380762
1.876,4386764
1.905,4392767
1.87,4398769
1.894,4404774
1.896,4410833
1.894,4416836
1.885,4422838
1.898,4428841
1.906,4434844
1.893,4440846
1.915,4446848
1.879,4452850
1.896,4458851
1.897,4464854
1.88,4470856
1.905,4476859
1.886,4482861
1.881,4488864
1.867,4494866
2.04,4500867
1.895,4506871
1.903,4512874
1.868,4518876
1.894,4524878
1.887,4530881
1.895,4536884
1.866,4542886
1.851,4548887
1.849,4554946
1.896,4560956
1.869,4566959
1.888,4572961
1.875,4578964
1.883,4584966
1.886,4590968
1.878,4596970
1.891,4603029
1.874,4609035
1.874,4615038
1.906,4621041
1.891,4627043
1.85,4633045
1.871,4639048
1.873,4645050
1.872,4651108
1.867,4657112
1.847,4663125
1.872,4669127
1.899,4675129
1.874,4681132
1.869,4687134
1.888,4693136
1.886,4699194
1.881,4705197
1.848,4711200
1.872,4717205
1.884,4723207
1.893,4729209
1.882,4735212
1.879,4741214
1.888,4747272
1.882,4753276
1.884,4759278
1.869,4765285
1.901,4771287
1.875,4777290
1.874,4783291
1.876,4789293
1.898,4795352
1.878,4801355
1.872,4807357
1.899,4813360
1.869,4819365
1.856,4825367
1.878,4831369
1.879,4837371
1.897,4843430
1.881,4849433
1.889,4855435
1.886,4861438
1.899,4867445
1.88,4873447
1.865,4879449
1.874,4885451
1.889,4891510
1.899,4897513
1.897,4903516
1.897,4909518
1.889,4915521
1.866,4921525
1.874,4927527
1.895,4933529
1.898,4939588
1.896,4945592
1.875,4951594
1.893,4957597
1.893,4963600
1.886,4969605
1.873,4975607
1.896,4981609
1.871,4987668
1.874,4993671
1.876,4999674
1.882,5005676
1.888,5011679
1.894,5017681
1.897,5023685
1.881,5029687
1.869,5035746
1.87,5041749
1.882,5047751
1.892,5053754
1.807,5059757
1.881,5065759
1.895,5071764
1.893,5077766
1.881,5083825
1.885,5089827
1.869,5095830
1.882,5101833
1.887,5107836
1.897,5113838
1.899,5119840
1.889,5125844
1.892,5131903
1.888,5137906
1.888,5143909
1.897,5149911
1.883,5155914
1.851,5161916
1.875,5167918
1.894,5173924
1.876,5179983
1.888,5185986
1.9,5191988
1.87,5197990
1.866,5203993
1.891,5209995
1.889,5215998
1.87,5222000
1.861,5228001
1.879,5234004
1.891,5240006
1.879,5246008
1.861,5252011
1.897,5258014
1.886,5264016
1.87,5270018
1.841,5276076
1.902,5282086
1.875,5288088
1.867,5294091
1.902,5300094
1.886,5306096
1.874,5312098
1.892,5318100
1.867,5324159
1.876,5330166
1.877,5336168
1.874,5342171
1.861,5348173
1.889,5354176
1.918,5360178
1.882,5366180
1.886,5372239
1.869,5378243
1.907,5384255
1.888,5390257
1.849,5396260
1.876,5402262
1.893,5408265
1.893,5414266
1.898,5420325
1.91,5426327
1.863,5432335
1.883,5438338
1.885,5444340
1.865,5450343
1.871,5456345
1.896,5462348
1.851,5468406
1.879,5474409
1.894,5480412
1.87,5486425
1.885,5492428
1.897,5498430
1.901,5504432
1.861,5510434
1.87,5516493
1.88,5522496
1.871,5528498
1.91,5534500
1.882,5540505
1.881,5546507
1.879,5552509
1.856,5558511
1.854,5564570
1.888,5570573
1.9,5576576
1.85,5582578
1.872,5588585
1.884,5594587
1.878,5600590
1.862,5606591
1.846,5612650
1.869,5618653
1.889,5624656
1.897,5630658
1.865,5636661
1.862,5642664
1.883,5648667
1.884,5654668
1.883,5660727
1.85,5666733
1.884,5672736
1.901,5678738
1.877,5684740
1.867,5690743
1.887,5696755
1.849,5702757
1.87,5708815
1.888,5714819
1.899,5720822
1.873,5726824
1.878,5732826
1.908,5738829
1.885,5744835
1.866,5750837
1.848,5756895
1.892,5762899
1.87,5768901
1.87,5774904
1.85,5780907
1.866,5786909
1.872,5792911
1.875,5798924
1.888,5804983
1.862,5810986
1.898,5816988
1.867,5822991
1.889,5828994
1.905,5834996
1.876,5840999
1.884,5847004
1.886,5853063
1.902,5859066
1.883,5865069
1.87,5871071
1.889,5877074
1.87,5883076
1.884,5889078
1.894,5895080
1.883,5901081
1.856,5907083
1.852,5913086
1.879,5919088
1.897,5925090
1.878,5931093
1.871,5937095
1.885,5943097
1.879,5949155
1.881,5955166
1.878,5961168
1.888,5967170
1.839,5973173
1.854,5979175
1.845,5985178
1.864,5991179
1.87,5997238
1.899,6003245
1.884,6009248
1.869,6015250
1.835,6021253
1.883,6027255
1.883,6033258
1.883,6039259
1.852,6045318
1.896,6051323
1.867,6057334
1.886,6063337
1.905,6069339
1.87,6075342
1.862,6081344
1.865,6087346
1.871,6093404
1.882,6099407
1.876,6105415
1.856,6111417
1.856,6117419
1.872,6123421
1.882,6129423
1.883,6135426
1.841,6141484
1.81,6147487
1.867,6153490
1.867,6159494
1.848,6165497
1.887,6171499
1.884,6177501
1.895,6183503
1.905,6189562
1.906,6195564
1.915,6201567
1.87,6207575
1.879,6213577
1.852,6219579
1.881,6225582
1.885,6231583
1.87,6237642
1.909,6243645
1.89,6249648
1.876,6255650
1.878,6261655
1.867,6267657
1.874,6273659
1.888,6279661
1.888,6285720
1.876,6291723
1.856,6297725
1.85,6303728
1.856,6309730
1.909,6315735
1.878,6321737
1.861,6327738
1.867,6333797
1.891,6339800
1.903,6345803
1.872,6351805
1.843,6357807
1.894,6363815
1.897,6369817
1.884,6375819
1.883,6381877
1.885,6387882
1.868,6393884
1.885,6399887
1.845,6405890
1.869,6411892
1.876,6417905
1.876,6423906
1.871,6429965
1.842,6435968
1.878,6441970
1.873,6447972
1.871,6453975
1.872,6459977
1.87,6465984
1.883,6471986
1.897,6478045
1.869,6484048
1.861,6490051
1.872,6496053
1.878,6502056
1.871,6508058
1.842,6514060
1.869,6520064
1.87,6526122
1.901,6532125
1.872,6538128
1.869,6544130
1.861,6550133
1.854,6556135
1.867,6562137
1.868,6568139
1.88,6574141
1.867,6580144
1.876,6586146
1.905,6592148
1.899,6598151
1.882,6604153
1.888,6610156
1.875,6616158
1.872,6622161
1.872,6628164
1.878,6634166
1.883,6640169
1.867,6646171
1.881,6652174
1.886,6658176
1.878,6664178
1.888,6670236
1.873,6676294
1.87,6682297
1.862,6688299
1.842,6694302
1.865,6700304
1.844,6706306
1.854,6712308
1.872,6718367
1.87,6724376
1.883,6730378
1.878,6736380
1.866,6742383
1.878,6748385
1.87,6754387
1.91,6760389
1.888,6766448
1.866,6772456
1.872,6778458
1.866,6784460
1.881,6790463
1.901,6796465
1.878,6802467
1.873,6808469
1.854,6814528
1.869,6820531
1.875,6826535
1.854,6832537
1.845,6838540
1.855,6844542
1.888,6850544
1.909,6856546
1.883,6862605
1.894,6868608
1.844,6874615
1.867,6880617
1.856,6886620
1.889,6892623
1.906,6898625
1.883,6904627
1.894,6910685
1.874,6916688
1.843,6922690
1.849,6928695
1.881,6934697
1.878,6940700
1.87,6946701
1.852,6952704
1.845,6958762
1.881,6964765
1.854,6970768
1.827,6976775
1.878,6982777
1.894,6988779
1.873,6994782
1.867,7000784
1.87,7006843
1.861,7012846
1.87,7018848
1.883,7024851
1.897,7030855
1.875,7036857
1.869,7042859
1.852,7048862
1.816,7054920
1.866,7060924
1.883,7066926
1.861,7072928
1.845,7078931
1.871,7084945
1.887,7090947
1.854,7096949
1.893,7103007
1.878,7109011
1.854,7115013
1.845,7121016
1.908,7127018
1.835,7133025
1.876,7139027
1.866,7145029
1.881,7151088
1.87,7157092
1.897,7163095
1.817,7169097
1.878,7175100
1.869,7181102
1.872,7187115
1.878,7193117
1.876,7199175
1.87,7205178
1.878,7211180
1.87,7217183
1.886,7223186
1.856,7229188
1.856,7235195
1.876,7241197
1.843,7247255
1.847,7253258
1.876,7259261
1.875,7265263
1.884,7271266
1.876,7277268
1.862,7283270
1.878,7289274
1.878,7295333
1.878,7301336
1.865,7307338
1.871,7313340
1.874,7319343
1.876,7325346
1.865,7331348
1.879,7337349
1.846,7343351
1.856,7349354
1.886,7355356
1.884,7361359
1.881,7367361
1.854,7373364
1.828,7379366
1.854,7385368
1.868,7391371
1.874,7397374
1.861,7403376
1.896,7409378
1.882,7415380
1.854,7421383
1.845,7427385
1.872,7433387
1.856,7439446
1.885,7445456
1.885,7451458
1.847,7457461
1.874,7463463
1.87,7469465
1.864,7475467
1.87,7481469
1.866,7487527
1.845,7493535
1.862,7499538
1.878,7505540
1.878,7511543
1.861,7517545
1.87,7523547
1.87,7529549
1.853,7535608
1.87,7541611
1.847,7547625
1.876,7553628
1.883,7559630
1.876,7565633
1.867,7571635
1.867,7577637
1.861,7583695
1.882,7589698
1.87,7595700
1.845,7601705
1.861,7607707
1.817,7613710
1.829,7619712
1.843,7625714
1.869,7631773
1.839,7637776
1.916,7643779
1.878,7649785
1.905,7655788
1.851,7661790
1.872,7667792
1.848,7673794
1.861,7679853
1.872,7685856
1.87,7691858
1.875,7697861
1.869,7703865
1.865,7709867
1.837,7715870
1.872,7721872
1.869,7727931
1.849,7733934
1.85,7739936
1.896,7745939
1.851,7751945
1.865,7757947
1.869,7763949
1.856,7769951
1.872,7776010
1.872,7782013
1.896,7788015
1.852,7794018
1.874,7800020
1.886,7806025
1.823,7812027
1.878,7818029
1.875,7824087
1.861,7830091
1.87,7836093
1.87,7842096
1.845,7848099
1.844,7854101
1.839,7860105
1.868,7866106
1.843,7872165
1.87,7878168
1.87,7884170
1.868,7890173
1.874,7896175
1.847,7902178
1.843,7908185
1.843,7914187
1.851,7920245
1.851,7926248
1.87,7932251
1.856,7938254
1.862,7944256
1.883,7950259
1.892,7956261
1.829,7962274
1.859,7968333
1.849,7974336
1.87,7980338
1.878,7986341
1.843,7992343
1.851,7998346
1.852,8004348
1.851,8010355
1.896,8016413
1.872,8022417
1.868,8028419
1.845,8034422
1.845,8040424
1.865,8046427
1.866,8052429
1.861,8058431
1.851,8064491
1.87,8070494
1.832,8076497
1.87,8082499
1.878,8088502
1.876,8094504
1.867,8100507
1.862,8106509
1.838,8112568
1.841,8118575
1.844,8124578
1.856,8130580
1.865,8136583
1.839,8142585
1.851,8148587
1.879,8154589
1.843,8160647
1.869,8166655
1.85,8172658
1.855,8178660
1.842,8184663
1.82,8190665
1.842,8196667
1.84,8202669
1.861,8208727
1.874,8214731
1.863,8220745
1.843,8226747
1.834,8232750
1.845,8238752
1.844,8244754
1.867,8250756
1.849,8256814
1.876,8262817
1.871,8268825
1.872,8274827
1.861,8280830
1.866,8286832
1.839,8292834
1.84,8298836
1.842,8304895
1.826,8310898
1.832,8316900
1.862,8322940
1.863,8328943
1.872,8334945
1.876,8340947
1.872,8346949
1.867,8353010
1.871,8359011
1.846,8365013
1.849,8371025
1.849,8377027
1.839,8383030
1.847,8389031
1.861,8395033
1.843,8401034
1.843,8407094
1.834,8413097
1.855,8419099
1.845,8425105
1.861,8431107
1.859,8437109
1.866,8443111
1.867,8449112
1.875,8455172
1.866,8461175
1.854,8467178
1.872,8473185
1.874,8479187
1.878,8485189
1.888,8491191
1.856,8497192
1.848,8503252
1.846,8509255
1.87,8515257
1.861,8521259
1.856,8527265
1.862,8533267
1.853,8539270
1.866,8545271
1.868,8551330
1.865,8557334
1.807,8563336
1.842,8569339
1.851,8575345
1.862,8581347
1.87,8587349
1.852,8593350
1.848,8599409
1.861,8605413
1.875,8611415
1.844,8617418
1.835,8623421
1.845,8629425
1.855,8635427
1.834,8641428
1.868,8647487
1.871,8653491
1.866,8659494
1.869,8665497
1.876,8671499
1.884,8677501
1.856,8683505
1.861,8689506
1.843,8695565
1.841,8701568
1.843,8707571
1.838,8713573
1.861,8719576
1.856,8725578
1.867,8731585
1.853,8737586
1.861,8743645
1.867,8749648
1.855,8755650
1.861,8761653
1.87,8767656
1.86,8773658
1.872,8779660
1.866,8785664
1.843,8791723
1.848,8797726
1.867,8803729
1.844,8809731
1.828,8815734
1.821,8821736
1.835,8827738
1.843,8833743
1.845,8839803
1.834,8845806
1.843,8851808
1.843,8857811
1.827,8863814
1.829,8869816
1.842,8875818
1.846,8881819
1.843,8887822
1.849,8893825
1.842,8899827
1.866,8905830
1.875,8911833
1.852,8917835
1.849,8923837
1.856,8929838
1.845,8935843
1.87,8941845
1.838,8947847
1.862,8953850
1.865,8959853
1.856,8965855
1.852,8971857
1.864,8977858
1.85,8983917
1.823,8989925
1.845,8995928
1.846,9001931
1.867,9007933
1.865,9013935
1.876,9019937
1.862,9025938
1.846,9031997
1.84,9038000
1.825,9044005
1.816,9050007
1.849,9056010
1.87,9062012
1.897,9068014
1.87,9074015
1.848,9080075
1.866,9086078
1.852,9092085
1.834,9098088
1.825,9104090
1.824,9110093
1.861,9116095
1.842,9122096
1.862,9128155
1.831,9134158
1.82,9140160
1.831,9146165
1.841,9152168
1.855,9158170
1.853,9164172
1.854,9170173
1.801,9176232
1.818,9182235
1.847,9188238
1.87,9194245
1.866,9200247
1.865,9206249
1.837,9212252
1.855,9218254
1.87,9224313
1.818,9230316
1.847,9236318
1.881,9242320
1.848,9248325
1.843,9254327
1.847,9260329
1.848,9266331
1.85,9272390
1.818,9278393
1.856,9284396
1.863,9290398
1.855,9296400
1.854,9302404
2.014,9308406
1.843,9314408
1.842,9320466
1.848,9326469
1.829,9332472
1.64,9338475
1.869,9344477
1.834,9350485
1.847,9356487
1.862,9362489
1.847,9368548
1.868,9374551
1.848,9380554
1.835,9386556
1.848,9392559
1.848,9398560
1.856,9404564
1.838,9410566
1.856,9416625
1.844,9422628
1.866,9428630
1.87,9434633
1.803,9440636
1.862,9446638
1.85,9452644
1.83,9458646
1.842,9464705
1.872,9470708
1.844,9476711
1.843,9482713
1.865,9488715
1.867,9494717
1.839,9500720
1.816,9506724
1.845,9512783
1.861,9518786
1.862,9524788
1.865,9530791
1.843,9536793
1.848,9542796
1.878,9548798
1.845,9554799
1.85,9560801
1.847,9566804
1.824,9572806
1.862,9578808
1.862,9584811
1.834,9590814
1.842,9596816
1.873,9602817
1.867,9608822
1.883,9614824
1.867,9620827
1.867,9626829
1.848,9632831
1.841,9638834
1.849,9644836
1.844,9650837
1.854,9656896
1.827,9662906
1.871,9668908
1.864,9674911
1.816,9680914
1.849,9686916
1.852,9692918
1.849,9698919
1.851,9704978
1.872,9710985
1.867,9716988
1.868,9722990
1.85,9728993
1.843,9734995
1.816,9740998
1.835,9746999
1.843,9753059
1.847,9759062
1.829,9765075
1.856,9771077
1.818,9777080
1.881,9783082
1.839,9789084
1.835,9795086
1.872,9801145
1.847,9807148
1.87,9813155
1.888,9819158
1.832,9825160
1.854,9831163
1.83,9837165
1.832,9843167
1.855,9849226
1.833,9855229
1.839,9861232
1.871,9867245
1.849,9873247
1.847,9879249
1.814,9885251
1.847,9891253
1.829,9897312
1.823,9903315
1.849,9909318
1.845,9915320
1.852,9921325
1.844,9927327
1.843,9933329
1.845,9939331
1.843,9945390
1.843,9951393
1.878,9957396
1.843,9963398
1.82,9969443
1.866,9975445
1.87,9981447
1.848,9987449
1.825,9993508
1.843,9999512
1.819,10005514
1.834,10011516
1.849,10017525
1.824,10023527
1.883,10029529
1.843,10035531
1.864,10041590
1.843,10047593
1.844,10053596
1.835,10059599
1.843,10065605
1.84,10071607
1.819,10077609
1.818,10083611
1.854,10089613
1.862,10095672
1.84,10101675
1.838,10107677
1.831,10113685
1.839,10119687
1.818,10125689
1.847,10131692
1.843,10137693
1.855,10143753
1.845,10149755
1.864,10155758
1.832,10161765
1.843,10167767
1.845,10173769
1.84,10179772
1.846,10185773
1.821,10191833
1.812,10197835
1.802,10203838
1.841,10209845
1.839,10215847
1.845,10221849
1.838,10227852
1.869,10233853
1.842,10239913
1.847,10245916
1.843,10251918
1.853,10257924
1.839,10263927
1.846,10269929
1.829,10275932
1.805,10281933
1.822,10287992
1.839,10293995
1.829,10299998
1.835,10306005
1.834,10312007
1.81,10318009
1.843,10324012
1.844,10330014
1.843,10336073
1.846,10342076
1.845,10348078
1.829,10354084
1.838,10360087
1.829,10366089
1.843,10372091
1.804,10378093
1.834,10384152
1.828,10390155
1.865,10396158
1.87,10402165
1.845,10408167
1.854,10414170
1.844,10420172
1.87,10426174
1.855,10432233
1.845,10438235
1.849,10444238
1.835,10450240
1.84,10456245
1.845,10462248
1.866,10468250
1.867,10474252
1.888,10480311
1.842,10486314
1.835,10492316
1.845,10498318
1.845,10504325
1.893,10510327
1.866,10516330
1.87,10522332
1.805,10528390
1.872,10534393
1.839,10540396
1.849,10546398
1.843,10552405
1.823,10558407
1.856,10564409
1.847,10570411
1.84,10576470
1.859,10582472
1.849,10588474
1.832,10594477
1.868,10600485
1.841,10606487
1.823,10612489
1.834,10618491
1.816,10624552
1.866,10630553
1.838,10636555
1.843,10642558
1.854,10648565
1.843,10654567
1.844,10660569
1.833,10666571
1.841,10672573
1.827,10678633
1.829,10684635
1.874,10690638
1.843,10696645
1.838,10702647
1.829,10708649
1.848,10714651
1.812,10720653
1.818,10726712
1.845,10732715
1.876,10738718
1.832,10744725
1.839,10750727
1.87,10756729
1.84,10762732
1.816,10768733
1.839,10774793
1.84,10780796
1.843,10786798
1.844,10792805
1.83,10798807
1.85,10804810
1.827,10810812
1.849,10816813
1.83,10822872
1.825,10828875
1.819,10834878
1.854,10840885
1.844,10846887
1.845,10852890
1.84,10858892
1.834,10864893
1.816,10870953
1.829,10876956
1.85,10882958
1.845,10888965
1.834,10894967
1.835,10900969
1.843,10906972
1.835,10912973
1.847,10919032
1.851,10925035
1.852,10931038
1.83,10937045
1.851,10943047
1.832,10949049
1.834,10955052
1.843,10961053
1.831,10967112
1.835,10973115
1.833,10979118
1.856,10985125
1.87,10991128
1.845,10997130
1.843,11003133
1.87,11009135
1.845,11015194
1.845,11021197
1.844,11027199
1.855,11033205
1.87,11039208
1.839,11045210
1.841,11051212
1.85,11057214
1.845,11063273
1.841,11069276
1.829,11075278
1.842,11081281
1.832,11087285
1.825,11093287
1.84,11099289
1.844,11105291
1.83,11111350
1.823,11117353
1.815,11123356
1.829,11129358
1.846,11135365
1.838,11141367
1.819,11147370
1.831,11153372
1.789,11159430
1.816,11165433
1.835,11171436
1.843,11177438
1.838,11183445
1.819,11189447
1.832,11195449
2.0,11201451
1.814,11207510
1.829,11213513
1.829,11219516
1.861,11225518
1.855,11231525
1.841,11237527
1.83,11243530
1.864,11249532
1.827,11255593
1.826,11261594
1.84,11267596
1.842,11273598
1.829,11279605
1.847,11285608
1.837,11291610
1.85,11297612
1.837,11303614
1.84,11309673
1.847,11315676
1.834,11321679
1.849,11327685
1.815,11333687
1.835,11339689
1.845,11345691
1.834,11351693
1.818,11357752
1.82,11363755
1.841,11369758
1.818,11375765
1.829,11381767
1.85,11387770
1.805,11393772
1.82,11399773
1.831,11405833
1.834,11411836
1.821,11417838
1.838,11423845
1.835,11429848
1.856,11435850
1.816,11441853
1.843,11447855
1.841,11453914
1.843,11459917
1.843,11465919
1.861,11471925
1.87,11477927
1.826,11483930
1.845,11489932
1.827,11495933
1.832,11501992
1.878,11507996
1.832,11513998
1.862,11520053
1.832,11526056
1.802,11532057
1.82,11538059
1.868,11544061
1.855,11550120
1.852,11556123
1.821,11562126
1.866,11568135
1.815,11574137
1.802,11580139
1.816,11586142
1.834,11592144
1.815,11598202
1.818,11604205
1.833,11610208
1.816,11616214
1.84,11622217
1.818,11628220
1.807,11634222
1.834,11640224
1.839,11646283
1.839,11652286
1.838,11658289
1.817,11664295
1.829,11670297
1.835,11676300
1.843,11682303
1.848,11688304
1.818,11694363
1.849,11700366
1.838,11706368
1.845,11712375
1.854,11718378
1.829,11724380
1.82,11730383
1.831,11736385
1.87,11742444
1.843,11748447
1.816,11754450
1.842,11760455
1.845,11766457
1.852,11772460
1.841,11778461
1.822,11784464
1.843,11790525
1.817,11796585
1.845,11802588
1.803,11808595
1.848,11814597
1.832,11820600
1.848,11826601
1.832,11832604
1.797,11838605
1.83,11844665
1.837,11850667
1.789,11856675
1.85,11862678
1.784,11868680
1.812,11874683
1.803,11880685
1.867,11886686
1.829,11892746
1.837,11898749
1.831,11904755
1.831,11910758
1.781,11916760
1.797,11922763
1.838,11928765
1.835,11934766
1.817,11940826
1.822,11946829
1.834,11952835
1.833,11958837
1.807,11964840
1.811,11970841
1.813,11976844
1.828,11982845
1.817,11988905
1.824,11994908
1.835,12000915
1.817,12006917
1.789,12012920
1.829,12018922
1.816,12024925
1.824,12030926
1.843,12036985
1.837,12042988
1.835,12048995
1.82,12054998
1.812,12061000
1.842,12067003
1.82,12073006
1.829,12079007
1.833,12085065
1.817,12091069
1.856,12097072
1.819,12103085
1.827,12109087
1.813,12115090
1.837,12121092
1.822,12127094
1.829,12133153
1.834,12139156
1.84,12145159
1.834,12151165
1.817,12157168
1.824,12163170
1.817,12169172
1.807,12175174
1.826,12181233
1.822,12187236
1.808,12193238
1.791,12199245
1.816,12205248
1.817,12211250
1.799,12217252
1.835,12223254
1.816,12229313
1.818,12235316
1.829,12241318
1.843,12247324
1.849,12253327
1.815,12259329
1.818,12265331
1.812,12271333
1.802,12277392
1.83,12283395
1.839,12289397
1.832,12295405
1.821,12301408
1.829,12307410
1.827,12313412
1.796,12319414
1.831,12325472
1.844,12331476
1.834,12337478
1.819,12343485
1.87,12349487
1.84,12355490
1.808,12361492
1.79,12367494
1.812,12373553
1.823,12379556
1.801,12385558
1.818,12391565
1.84,12397567
1.803,12403569
1.813,12409572
1.834,12415574
1.844,12421632
1.818,12427636
1.831,12433638
1.823,12439645
1.823,12445647
1.814,12451650
1.832,12457652
1.82,12463654
1.807,12469715
1.834,12475775
1.808,12481778
1.822,12487785
1.834,12493787
1.821,12499790
1.816,12505792
1.816,12511794
1.813,12517795
1.808,12523855
1.813,12529858
1.837,12535865
1.795,12541868
1.815,12547870
1.816,12553872
1.839,12559874
1.824,12565875
1.831,12571935
1.817,12577938
1.829,12583944
1.85,12589947
1.84,12595950
1.824,12601952
1.822,12607954
1.811,12613956
1.822,12620015
1.82,12626018
1.839,12632025
1.813,12638027
1.748,12644030
1.829,12650032
1.812,12656034
1.818,12662035
1.835,12668094
1.843,12674098
1.825,12680105
1.844,12686107
1.824,12692109
1.81,12698111
1.823,12704114
1.824,12710175
1.84,12716234
1.841,12722237
1.807,12728245
1.843,12734248
1.84,12740250
1.821,12746252
1.812,12752254
1.849,12758256
1.808,12764314
1.8,12770317
1.851,12776320
1.813,12782325
1.822,12788327
1.843,12794329
1.828,12800331
1.802,12806333
1.827,12812392
1.851,12818395
1.816,12824398
1.813,12830405
1.842,12836408
1.834,12842410
1.81,12848412
1.816,12854414
1.825,12860473
1.824,12866476
1.812,12872478
1.814,12878485
1.802,12884488
1.829,12890490
1.828,12896492
1.825,12902494
1.818,12908552
1.823,12914555
1.807,12920558
1.835,12926565
1.853,12932567
1.816,12938569
1.814,12944572
1.819,12950574
1.845,12956633
1.82,12962636
1.829,12968638
1.816,12974645
1.832,12980648
1.83,12986650
1.816,12992651
1.826,12998654
1.816,13004655
1.829,13010714
1.83,13016718
1.842,13022725
1.829,13028728
1.84,13034730
1.828,13040733
1.829,13046735
1.829,13052736
1.792,13058796
1.843,13064799
1.835,13070856
1.843,13076858
1.839,13082861
1.815,13088863
1.827,13094865
1.807,13100866
1.808,13106926
1.834,13112935
1.831,13118938
1.813,13124941
1.805,13130944
1.83,13136946
1.825,13142948
1.818,13148949
1.833,13155008
1.818,13161016
1.818,13167018
1.829,13173020
1.822,13179023
1.788,13185025
1.804,13191027
1.788,13197028
1.795,13203088
1.829,13209095
1.823,13215098
1.818,13221100
1.814,13227103
1.807,13233105
1.817,13239108
1.818,13245109
1.829,13251168
1.827,13257175
1.815,13263178
1.835,13269180
1.783,13275183
1.821,13281185
1.816,13287187
1.817,13293189
1.807,13299248
1.816,13305255
1.835,13311258
1.814,13317260
1.816,13323263
1.78,13329265
1.794,13335267
1.802,13341269
1.806,13347328
1.812,13353335
1.827,13359338
1.813,13365340
1.809,13371343
1.799,13377345
1.812,13383348
1.84,13389349
1.83,13395408
1.815,13401415
1.819,13407418
1.801,13413420
1.815,13419423
1.808,13425425
1.818,13431427
1.8,13437429
1.805,13443488
1.778,13449495
1.804,13455498
1.812,13461501
1.802,13467503
1.818,13473506
1.832,13479508
1.849,13485510
1.843,13491568
1.817,13497575
1.803,13503578
1.802,13509580
1.771,13515583
1.786,13521586
1.819,13527588
1.824,13533590
1.819,13539649
1.832,13545656
1.808,13551658
1.834,13557661
1.807,13563663
1.818,13569666
1.802,13575668
1.827,13581671
1.821,13587730
1.788,13593736
1.828,13599738
1.818,13605741
1.825,13611744
1.816,13617746
1.818,13623748
1.804,13629751
1.818,13635812
1.791,13641823
1.791,13647825
1.823,13653828
1.818,13659830
1.834,13665832
1.708,13671835
1.793,13677837
1.798,13683838
1.813,13689842
1.818,13695845
1.815,13701847
1.808,13707850
1.801,13713852
1.744,13719855
1.813,13725857
1.816,13731858
1.818,13737863
1.805,13743865
1.791,13749868
1.814,13755870
1.791,13761872
1.785,13767875
1.82,13773877
1.825,13779878
1.834,13785882
1.816,13791885
1.808,13797887
1.83,13803890
1.805,13809892
1.783,13815895
1.789,13821897
1.804,13827958
1.817,13833963
1.8,13839965
1.811,13845968
1.801,13851970
1.812,13857973
1.803,13863975
1.816,13869978
1.807,13875979
1.789,13881982
1.843,13887985
1.808,13893987
1.785,13899990
1.807,13905992
1.79,13911994
1.818,13917996
1.794,13923997
1.813,13930057
1.81,13936066
1.819,13942068
1.809,13948070
1.814,13954073
1.816,13960075
1.795,13966078
1.817,13972079
1.804,13978139
1.829,13984146
1.844,13990148
1.8,13996151
1.813,14002154
1.807,14008156
1.781,14014158
1.787,14020159
1.824,14026219
1.839,14032225
1.823,14038228
1.816,14044230
1.789,14050233
1.812,14056235
1.807,14062237
1.837,14068239
1.808,14074298
1.796,14080305
1.808,14086308
1.83,14092310
1.814,14098313
1.789,14104315
1.814,14110318
1.816,14116319
1.818,14122378
1.827,14128385
1.81,14134388
1.796,14140391
1.791,14146393
1.802,14152395
1.807,14158397
1.816,14164399
1.808,14170458
1.82,14176465
1.812,14182468
1.816,14188470
1.812,14194473
1.79,14200475
1.802,14206477
1.823,14212479
1.81,14218538
1.808,14224546
1.818,14230548
1.834,14236550
1.759,14242553
1.802,14248556
1.806,14254558
1.791,14260560
1.79,14266619
1.819,14272626
1.801,14278628
1.796,14284630
1.812,14290633
1.799,14296636
1.807,14302638
1.802,14308639
1.803,14314698
1.795,14320706
1.797,14326708
1.815,14332711
1.811,14338713
1.832,14344716
1.827,14350718
1.8,14356720
1.834,14362778
1.795,14368785
1.797,14374788
1.814,14380790
1.797,14386793
1.789,14392796
1.792,14398798
1.799,14404800
1.798,14410858
1.802,14416865
1.795,14422868
1.781,14428870
1.814,14434874
1.807,14440876
1.805,14446878
1.793,14452880
1.811,14458939
1.803,14464945
1.808,14470948
1.796,14476951
1.791,14482954
1.791,14488956
1.798,14494958
1.799,14500960
1.8,14507021
1.802,14513033
1.837,14519035
1.83,14525038
1.821,14531040
1.804,14537042
1.79,14543045
1.775,14549046
1.808,14555047
1.804,14561052
1.829,14567055
1.804,14573057
1.789,14579060
1.8,14585062
1.816,14591065
1.818,14597067
1.793,14603068
1.813,14609128
1.798,14615184
1.801,14621187
1.804,14627190
1.815,14633193
1.829,14639195
1.802,14645197
1.802,14651198
1.797,14657202
1.789,14663204
1.816,14669207
1.829,14675209
1.776,14681212
1.802,14687214
1.803,14693216
1.81,14699217
1.797,14705222
1.793,14711225
1.814,14717227
1.816,14723229
1.812,14729232
1.793,14735234
1.789,14741236
1.77,14747237
1.807,14753242
1.811,14759245
1.81,14765247
1.789,14771250
1.783,14777252
1.802,14783255
1.812,14789257
1.793,14795258
1.808,14801318
1.802,14807325
1.807,14813328
1.777,14819331
1.78,14825333
1.78,14831335
1.787,14837338
1.834,14843339
1.798,14849398
1.797,14855405
1.763,14861408
1.749,14867410
1.77,14873413
1.816,14879415
1.802,14885417
1.803,14891418
1.81,14897477
1.789,14903485
1.798,14909488
1.817,14915491
1.805,14921493
1.803,14927495
1.818,14933498
1.803,14939499
1.798,14945558
1.802,14951566
1.781,14957568
1.83,14963571
1.785,14969573
1.762,14975576
1.807,14981578
1.837,14987580
1.802,14993639
1.802,14999646
1.829,15005648
1.79,15011650
1.796,15017653
1.798,15023655
1.825,15029658
1.802,15035659
1.816,15041718
1.788,15047726
1.79,15053728
1.821,15059731
1.828,15065733
1.83,15071736
1.808,15077738
1.786,15083740
1.794,15089798
1.771,15095805
1.802,15101808
1.811,15107810
1.798,15113813
1.789,15119815
1.788,15125817
1.804,15131819
1.82,15137878
1.785,15143885
1.764,15149888
1.784,15155890
1.816,15161894
1.775,15167896
1.786,15173898
1.791,15179900
1.805,15185958
1.802,15191965
1.784,15197967
1.785,15203970
1.791,15209973
1.814,15215975
1.802,15221977
1.786,15227979
1.797,15234038
1.789,15240045
1.793,15246048
1.798,15252050
1.769,15258053
1.796,15264056
1.774,15270058
1.79,15276060
1.807,15282118
1.764,15288126
1.804,15294128
1.81,15300131
1.794,15306133
1.789,15312135
1.778,15318138
1.798,15324140
1.81,15330201
1.802,15336203
1.781,15342205
1.796,15348208
1.801,15354211
1.789,15360214
1.762,15366216
1.796,15372218
1.803,15378279
1.79,15384283
1.804,15390285
1.798,15396288
1.802,15402290
1.791,15408293
1.804,15414295
1.802,15420297
1.795,15426298
1.794,15432302
1.794,15438305
1.814,15444308
1.809,15450310
1.815,15456313
1.797,15462315
1.798,15468317
1.8,15474318
1.795,15480322
1.764,15486325
1.775,15492327
1.816,15498330
1.816,15504332
1.786,15510334
1.802,15516336
1.775,15522337
1.832,15528343
1.791,15534345
1.797,15540348
1.781,15546350
1.814,15552353
1.807,15558355
1.805,15564357
1.818,15570358
1.796,15576362
1.805,15582365
1.802,15588367
1.784,15594370
1.785,15600373
1.8,15606375
1.804,15612377
1.764,15618378
1.79,15624438
1.795,15630445
1.816,15636448
1.781,15642451
1.789,15648454
1.789,15654456
1.793,15660457
1.786,15666459
1.794,15672518
1.775,15678525
1.801,15684528
1.792,15690530
1.807,15696533
1.758,15702536
1.795,15708538
1.816,15714539
1.795,15720599
1.753,15726606
1.783,15732608
1.815,15738611
1.789,15744613
1.802,15750615
1.827,15756617
1.791,15762619
1.775,15768678
1.778,15774685
1.793,15780688
1.786,15786690
1.78,15792693
1.814,15798695
1.797,15804698
1.771,15810699
1.798,15816758
1.802,15822765
1.803,15828768
1.789,15834771
1.785,15840774
1.759,15846776
1.778,15852778
1.79,15858779
1.753,15864839
1.79,15870845
1.786,15876848
1.785,15882851
1.809,15888853
1.801,15894855
1.791,15900857
1.802,15906859
1.814,15912918
1.781,15918925
1.781,15924928
1.78,15930930
1.781,15936933
1.789,15942935
1.789,15948937
1.791,15954939
1.768,15960998
1.762,15967005
1.775,15973008
1.787,15979011
1.79,15985013
1.793,15991015
1.783,15997018
1.792,16003019
1.804,16009078
1.774,16015085
1.775,16021088
1.803,16027090
1.802,16033093
1.789,16039095
1.795,16045097
1.778,16051099
1.802,16057158
1.758,16063165
1.8,16069168
1.803,16075171
1.806,16081174
1.792,16087175
1.791,16093177
1.79,16099179
1.802,16105238
1.785,16111245
1.778,16117248
1.781,16123251
1.788,16129253
1.785,16135255
1.775,16141257
1.771,16147259
1.778,16153317
1.802,16159373
1.788,16165376
1.808,16171378
1.789,16177381
1.785,16183384
1.77,16189386
1.775,16195388
1.788,16201449
1.785,16207453
1.802,16213456
1.784,16219458
1.758,16225461
1.778,16231463
1.801,16237466
1.801,16243468
1.772,16249529
1.768,16255533
1.788,16261535
1.802,16267538
1.769,16273541
1.753,16279544
1.778,16285546
1.779,16291548
1.748,16297549
1.768,16303553
1.762,16309555
1.776,16315557
1.775,16321560
1.805,16327563
1.789,16333564
1.8,16339566
1.771,16345568
1.759,16351572
1.791,16357575
1.813,16363577
1.795,16369580
1.781,16375583
1.75,16381585
1.783,16387587
1.818,16393588
1.789,16399592
1.79,16405595
1.77,16411597
1.762,16417600
1.787,16423603
1.778,16429605
1.784,16435607
1.789,16441609
1.79,16447612
1.777,16453615
1.785,16459617
1.761,16465620
1.776,16471623
1.761,16477625
1.762,16483627
1.776,16489628
1.789,16495632
1.785,16501635
1.786,16507637
1.796,16513640
1.789,16519642
1.803,16525644
1.785,16531647
1.786,16537648
1.785,16543652
1.78,16549655
1.776,16555657
1.77,16561659
1.776,16567662
1.788,16573664
1.773,16579666
1.784,16585667
1.793,16591672
1.802,16597675
1.816,16603678
1.787,16609680
1.796,16615683
1.8,16621685
1.778,16627687
1.79,16633688
1.796,16639693
1.768,16645695
1.8,16651697
1.791,16657700
1.764,16663703
1.79,16669705
1.792,16675707
1.777,16681708
1.774,16687767
1.799,16693775
1.79,16699778
1.791,16705780
1.774,16711783
1.762,16717786
1.789,16723788
1.781,16729849
1.786,16735909
1.791,16741915
1.785,16747917
1.775,16753919
1.766,16759922
1.775,16765925
1.785,16771927
1.776,16777928
1.787,16783988
1.802,16789996
1.735,16795998
1.785,16802001
1.775,16808004
1.769,16814006
1.77,16820008
1.808,16826009
1.775,16832068
1.794,16838075
1.8,16844078
1.811,16850080
1.807,16856083
1.811,16862086
1.775,16868088
1.794,16874089
1.762,16880148
1.795,16886155
1.783,16892158
1.751,16898161
1.768,16904163
1.78,16910165
1.786,16916168
1.783,16922169
1.778,16928228
1.764,16934235
1.768,16940238
1.766,16946240
1.774,16952243
1.763,16958246
1.729,16964248
1.788,16970249
1.779,16976308
1.786,16982315
1.789,16988318
1.789,16994320
1.793,17000323
1.786,17006326
1.78,17012328
1.768,17018330
1.802,17024389
1.805,17030395
1.789,17036398
1.762,17042400
1.787,17048403
1.825,17054405
1.762,17060408
1.775,17066410
1.795,17072468
1.787,17078475
1.786,17084478
1.768,17090480
1.789,17096484
1.786,17102485
1.785,17108488
1.779,17114490
1.788,17120549
1.786,17126555
1.767,17132558
1.789,17138560
1.749,17144563
1.794,17150565
1.741,17156567
1.762,17162570
1.79,17168628
1.778,17174635
1.816,17180638
1.769,17186640
1.78,17192643
1.776,17198645
1.783,17204647
1.786,17210649
1.748,17216651
1.768,17222652
1.785,17228655
1.787,17234657
1.771,17240659
1.79,17246662
1.811,17252664
1.787,17258667
1.764,17264668
1.795,17270672
1.774,17276674
1.775,17282677
1.773,17288679
1.763,17294682
1.785,17300684
1.762,17306686
1.777,17312687
1.781,17318692
1.776,17324695
1.773,17330697
1.753,17336700
1.763,17342703
1.78,17348706
1.789,17354708
1.775,17360709
1.762,17366712
1.778,17372715
1.761,17378717
1.763,17384720
1.751,17390723
1.742,17396725
1.765,17402727
1.773,17408728
1.765,17414732
1.79,17420735
1.795,17426737
1.788,17432740
1.78,17438742
1.79,17444744
1.764,17450747
1.791,17456748
1.767,17462752
1.77,17468755
1.775,17474757
1.784,17480760
1.768,17486763
1.743,17492764
1.748,17498767
1.779,17504768
1.798,17510772
1.749,17516775
1.775,17522778
1.758,17528780
1.786,17534783
1.762,17540785
1.775,17546787
1.781,17552789
1.777,17558792
1.774,17564795
1.757,17570797
1.746,17576800
1.747,17582803
1.78,17588805
1.761,17594807
1.763,17600808
1.777,17606868
1.778,17612875
1.767,17618878
1.777,17624880
1.798,17630883
1.812,17636886
1.778,17642888
1.761,17648889
1.735,17654948
1.775,17660955
1.778,17666958
1.764,17672960
1.767,17678963
1.761,17684965
1.749,17690967
1.735,17696968
1.75,17703028
1.78,17709081
1.753,17715083
1.776,17721086
1.778,17727089
1.772,17733091
1.775,17739093
1.761,17745095
1.762,17751102
1.737,17757105
1.766,17763108
1.747,17769110
1.762,17775113
1.763,17781115
1.764,17787117
1.769,17793118
1.765,17799122
1.764,17805125
1.764,17811127
1.765,17817129
1.749,17823132
1.762,17829134
1.78,17835136
1.76,17841138
1.775,17847197
1.766,17853205
1.771,17859208
1.777,17865210
1.774,17871213
1.775,17877216
1.751,17883218
1.751,17889219
1.773,17895278
1.739,17901285
1.741,17907288
1.762,17913291
1.754,17919293
1.779,17925295
1.951,17931298
1.716,17937299
1.775,17943358
1.761,17949365
1.768,17955368
1.775,17961370
1.766,17967373
1.753,17973375
1.73,17979378
1.75,17985379
1.724,17991438
1.771,17997446
1.78,18003448
1.764,18009451
1.767,18015453
1.768,18021456
1.737,18027458
1.775,18033460
1.759,18039519
1.827,18045525
1.744,18051528
1.758,18057530
1.724,18063533
1.771,18069535
1.771,18075537
1.771,18081538
1.777,18087597
1.761,18093605
1.759,18099608
1.753,18105610
1.746,18111613
1.75,18117616
1.774,18123618
1.786,18129620
1.774,18135678
1.756,18141686
1.76,18147688
1.768,18153690
1.77,18159693
1.783,18165695
1.759,18171697
1.761,18177700
1.75,18183758
1.78,18189766
1.737,18195768
1.778,18201771
1.77,18207774
1.768,18213775
1.75,18219777
1.753,18225780
1.762,18231840
1.766,18237843
1.758,18243845
1.735,18249848
1.737,18255850
1.771,18261853
1.766,18267855
1.763,18273857
1.762,18279858
1.768,18285862
1.75,18291865
1.748,18297867
1.724,18303869
1.756,18309872
1.761,18315874
1.762,18321876
1.754,18327877
1.754,18333883
1.787,18339885
1.752,18345887
1.725,18351890
1.775,18357893
1.761,18363895
1.762,18369897
1.751,18375898
1.748,18381902
1.747,18387905
1.764,18393908
1.753,18399910
1.735,18405913
1.79,18411915
1.753,18417917
1.754,18423919
1.763,18429922
1.723,18435925
1.753,18441927
1.768,18447930
1.742,18453932
1.746,18459935
1.76,18465937
1.748,18471938
1.767,18477942
1.78,18483944
1.77,18489947
1.764,18495949
1.762,18501952
1.76,18507954
1.75,18513957
1.735,18520018
1.762,18526078
1.748,18532085
1.735,18538087
1.746,18544090
1.75,18550092
1.742,18556095
1.754,18562097
1.743,18568098
1.78,18574157
1.763,18580165
1.778,18586168
1.764,18592171
1.764,18598173
1.749,18604176
1.748,18610178
1.764,18616179
1.734,18622238
1.752,18628245
1.756,18634248
1.733,18640251
1.748,18646253
1.762,18652255
1.76,18658258
1.763,18664259
1.748,18670318
1.768,18676326
1.764,18682329
1.78,18688331
1.759,18694334
1.776,18700336
1.773,18706338
1.753,18712340
1.76,18718399
1.739,18724406
1.769,18730408
1.771,18736410
1.776,18742413
1.775,18748416
1.745,18754418
1.761,18760419
1.771,18766478
1.74,18772485
1.741,18778488
1.744,18784490
1.773,18790493
1.762,18796495
1.764,18802497
1.761,18808499
1.773,18814558
1.771,18820565
1.762,18826568
1.759,18832570
1.748,18838573
1.732,18844576
1.748,18850578
1.76,18856580
1.746,18862638
1.79,18868645
1.74,18874648
1.777,18880650
1.749,18886653
1.739,18892656
1.721,18898658
1.746,18904660
1.749,18910719
1.735,18916726
1.763,18922728
1.762,18928731
1.753,18934733
1.73,18940735
1.76,18946737
1.754,18952740
1.748,18958798
1.748,18964805
1.777,18970808
1.747,18976811
1.76,18982814
1.739,18988816
1.757,18994818
1.743,19000820
1.764,19006881
1.733,19012893
1.739,19018895
1.739,19024898
1.743,19030900
1.75,19036903
1.757,19042905
1.762,19048907
1.734,19054908
1.753,19060912
1.733,19066915
1.747,19072917
1.763,19078919
1.753,19084922
1.763,19090924
1.749,19096926
1.747,19102928
1.754,19108932
1.735,19114935
1.751,19120937
1.74,19126940
1.722,19132942
1.74,19138944
1.71,19144946
1.743,19150947
1.748,19157007
1.748,19163015
1.748,19169018
1.764,19175021
1.736,19181024
1.762,19187026
1.757,19193028
1.759,19199029
1.768,19205089
1.754,19211095
1.757,19217098
1.71,19223100
1.762,19229104
1.768,19235106
1.744,19241108
1.746,19247109
1.749,19253168
1.709,19259227
1.739,19265229
1.726,19271232
1.732,19277235
1.745,19283237
1.729,19289239
1.74,19295240
1.735,19301242
1.743,19307244
1.742,19313246
1.705,19319249
1.748,19325251
1.735,19331254
1.735,19337256
1.734,19343257
1.732,19349262
1.759,19355264
1.726,19361266
1.735,19367269
1.743,19373272
1.753,19379274
1.737,19385277
1.724,19391278
1.737,19397282
1.75,19403285
1.767,19409288
1.753,19415290
1.762,19421293
1.737,19427295
1.739,19433297
1.722,19439298
1.741,19445302
1.735,19451305
1.762,19457307
1.751,19463310
1.743,19469313
1.747,19475315
1.708,19481317
1.735,19487318
1.756,19493322
1.777,19499325
1.762,19505327
1.761,19511330
1.757,19517332
1.722,19523334
1.7,19529336
1.735,19535337
1.717,19541341
1.749,19547344
1.754,19553347
1.734,19559349
1.748,19565352
1.736,19571354
1.747,19577356
1.735,19583357
1.723,19589362
1.721,19595364
1.734,19601367
1.736,19607369
1.767,19613372
1.741,19619374
1.753,19625376
1.735,19631377
1.739,19637382
1.748,19643384
1.748,19649387
1.73,19655389
1.76,19661392
1.753,19667394
1.761,19673396
1.751,19679397
1.745,19685402
1.747,19691405
1.735,19697407
1.758,19703410
1.732,19709413
1.736,19715415
1.7,19721417
1.73,19727418
1.733,19733422
1.725,19739425
1.735,19745427
1.739,19751430
1.741,19757433
1.751,19763436
1.735,19769438
1.752,19775439
1.737,19781442
1.762,19787445
1.762,19793448
1.75,19799450
1.759,19805453
1.75,19811456
1.736,19817458
1.735,19823459
1.726,19829519
1.729,19835525
1.743,19841528
1.727,19847531
1.739,19853534
1.707,19859536
1.695,19865538
1.736,19871539
1.736,19877598
1.724,19883605
1.716,19889608
1.735,19895610
1.729,19901613
1.768,19907615
1.731,19913618
1.746,19919619
1.721,19925678
1.737,19931685
1.737,19937688
1.748,19943691
1.744,19949694
1.748,19955696
1.743,19961698
1.747,19967700
1.707,19973758
1.726,19979765
1.712,19985768
1.7,19991771
1.724,19997773
1.749,20003775
1.732,20009778
1.747,20015780
1.785,20021838
1.744,20027846
1.757,20033848
1.749,20039851
1.735,20045854
1.73,20051856
1.72,20057858
1.733,20063860
1.75,20069919
1.727,20075926
1.749,20081928
1.735,20087931
1.724,20093933
1.749,20099936
1.795,20105937
1.748,20111940
1.732,20117998
1.738,20124006
1.748,20130009
1.751,20136011
1.754,20142014
1.721,20148016
1.699,20154018
1.725,20160021
1.747,20166079
1.761,20172086
1.736,20178089
1.731,20184092
1.726,20190095
1.751,20196097
1.759,20202100
1.713,20208102
1.733,20214163
1.707,20220173
1.694,20226175
1.707,20232178
1.703,20238180
1.708,20244183
1.721,20250185
1.708,20256187
1.747,20262188
1.739,20268192
1.741,20274195
1.73,20280197
1.745,20286200
1.758,20292203
1.753,20298205
1.748,20304207
1.746,20310208
1.736,20316212
1.748,20322215
1.751,20328217
1.732,20334220
1.723,20340222
1.724,20346225
1.706,20352227
1.73,20358228
1.735,20364232
1.715,20370234
1.751,20376237
1.753,20382239
1.757,20388241
1.731,20394243
1.716,20400246
1.732,20406306
1.735,20412313
1.722,20418315
1.708,20424318
1.708,20430320
1.721,20436323
1.726,20442325
1.726,20448327
1.732,20454328
1.694,20460332
1.737,20466335
1.71,20472337
1.739,20478340
1.73,20484343
1.734,20490345
1.726,20496347
1.726,20502407
1.73,20508413
1.732,20514415
1.748,20520418
1.75,20526421
1.721,20532423
1.753,20538426
1.747,20544428
1.724,20550429
1.758,20556432
1.721,20562435
1.717,20568437
1.721,20574439
1.721,20580442
1.708,20586444
1.712,20592446
1.74,20598447
1.718,20604452
1.737,20610455
1.741,20616457
1.737,20622459
1.751,20628462
1.748,20634464
1.722,20640466
1.735,20646467
1.736,20652472
1.672,20658475
1.708,20664477
1.704,20670480
1.711,20676482
1.724,20682484
1.725,20688486
1.706,20694487
1.721,20700492
1.72,20706495
1.714,20712497
1.739,20718499
1.714,20724502
1.714,20730505
1.735,20736507
1.707,20742508
1.706,20748512
1.715,20754515
1.754,20760517
1.735,20766520
1.763,20772523
1.758,20778525
1.742,20784527
1.734,20790528
1.733,20796575
1.721,20802578
1.722,20808580
1.721,20814583
1.72,20820586
1.732,20826588
1.723,20832590
1.721,20838591
1.721,20844602
1.686,20850604
1.721,20856607
1.695,20862609
1.703,20868611
1.713,20874613
1.71,20880616
1.714,20886617
1.711,20892622
1.672,20898625
1.699,20904627
1.71,20910630
1.7,20916632
1.721,20922635
1.712,20928637
1.716,20934638
1.676,20940642
1.712,20946644
1.729,20952647
1.717,20958649
1.699,20964652
1.699,20970654
1.685,20976656
1.72,20982657
1.748,20988717
1.708,20994726
1.712,21000728
1.723,21006730
1.699,21012733
1.722,21018735
1.722,21024737
1.71,21030738
1.727,21036798
1.734,21042805
1.714,21048808
1.726,21054811
1.696,21060814
1.687,21066816
1.697,21072818
1.71,21078819
1.722,21084878
1.693,21090885
1.712,21096888
1.716,21102890
1.695,21108893
1.699,21114895
1.692,21120898
1.672,21126899
1.715,21132958
1.707,21138966
1.709,21144968
1.733,21150970
1.721,21156973
1.707,21162975
1.744,21168977
1.721,21174979
1.735,21181038
1.729,21187045
1.699,21193048
1.699,21199050
1.699,21205054
1.723,21211056
1.719,21217058
1.72,21223059
1.723,21229118
1.716,21235125
1.69,21241128
1.735,21247130
1.705,21253133
1.694,21259135
1.719,21265137
1.688,21271139
1.732,21277198
1.697,21283205
1.687,21289208
1.695,21295211
1.704,21301213
1.712,21307216
1.705,21313218
1.693,21319220
1.703,21325279
1.722,21331285
1.697,21337288
1.709,21343291
1.723,21349294
1.704,21355296
1.705,21361298
1.739,21367300
1.707,21373359
1.737,21379365
1.71,21385368
1.714,21391370
1.716,21397373
1.704,21403375
1.704,21409378
1.685,21415380
1.703,21421439
1.683,21427445
1.664,21433448
1.721,21439450
1.708,21445453
1.704,21451455
1.696,21457457
1.708,21463459
1.704,21469518
1.699,21475525
1.717,21481528
1.731,21487531
1.72,21493534
1.699,21499536
1.704,21505538
1.688,21511540
1.722,21517599
1.694,21523606
1.679,21529609
1.708,21535611
1.708,21541614
1.704,21547616
1.714,21553618
1.73,21559621
1.712,21565682
1.708,21571693
1.72,21577696
1.711,21583698
1.708,21589701
1.715,21595704
1.724,21601706
1.721,21607708
1.715,21613709
1.71,21619712
1.713,21625715
1.708,21631717
1.734,21637720
1.702,21643723
1.716,21649725
1.719,21655727
1.704,21661728
1.734,21667732
1.72,21673735
1.735,21679737
1.708,21685740
1.695,21691743
1.721,21697745
1.705,21703747
1.695,21709748
1.705,21715752
1.662,21721755
1.722,21727757
1.722,21733759
1.654,21739762
1.712,21745764
1.686,21751766
1.708,21757767
1.7,21763772
1.704,21769775
1.724,21775777
1.723,21781780
1.745,21787783
1.739,21793785
1.727,21799787
1.725,21805788
1.71,21811792
1.708,21817795
1.708,21823797
1.702,21829799
1.682,21835802
1.68,21841804
1.69,21847806
1.694,21853807
1.698,21859812
1.739,21865815
1.721,21871817
1.663,21877820
1.704,21883823
1.73,21889825
1.692,21895827
1.697,21901828
1.735,21907888
1.716,21913896
1.719,21919898
1.682,21925901
1.677,21931903
1.7,21937905
1.692,21943907
1.704,21949908
1.696,21955968
1.694,21961976
1.722,21967978
1.704,21973981
1.712,21979983
1.708,21985985
1.723,21991987
1.707,21997988
1.724,22004047
1.697,22010055
1.699,22016058
1.71,22022061
1.667,22028064
1.67,22034066
1.688,22040068
1.716,22046069
1.721,22052128
1.693,22058135
1.692,22064138
1.66,22070140
1.687,22076143
1.66,22082145
1.719,22088147
1.711,22094149
1.691,22100208
1.727,22106215
1.681,22112218
1.687,22118220
1.64,22124223
1.681,22130225
1.685,22136227
1.679,22142229
1.691,22148288
1.696,22154295
1.697,22160298
1.72,22166301
1.699,22172304
1.702,22178306
1.708,22184308
1.68,22190309
1.713,22196368
1.714,22202375
1.705,22208378
1.708,22214381
1.717,22220384
1.704,22226386
1.703,22232388
1.683,22238390
1.7,22244449
1.707,22250455
1.703,22256458
1.707,22262460
1.695,22268463
1.708,22274465
1.699,22280467
1.696,22286469
1.683,22292528
1.694,22298536
1.694,22304538
1.697,22310541
1.673,22316544
1.708,22322547
1.7,22328549
1.693,22334551
1.672,22340612
1.707,22346623
1.695,22352625
1.705,22358628
1.691,22364631
1.694,22370634
1.708,22376636
1.681,22382637
1.715,22388698
1.69,22394703
1.699,22400705
1.695,22406708
1.684,22412711
1.662,22418713
1.663,22424716
1.682,22430718
1.682,22436719
1.696,22442722
1.705,22448725
1.683,22454727
1.678,22460730
1.708,22466733
1.699,22472735
1.703,22478737
1.695,22484738
1.7,22490742
1.695,22496744
1.677,22502746
1.667,22508749
1.667,22514752
1.647,22520754
1.668,22526756
1.68,22532757
1.683,22538762
1.675,22544765
1.717,22550768
1.694,22556770
1.689,22562773
1.693,22568776
1.694,22574777
1.694,22580779
1.696,22586782
1.685,22592785
1.678,22598787
1.688,22604790
1.681,22610793
1.666,22616795
1.695,22622797
1.68,22628798
1.672,22634802
1.683,22640805
1.69,22646808
1.686,22652810
1.666,22658813
1.69,22664816
1.682,22670818
1.681,22676879
1.686,22682883
1.681,22688885
1.714,22694888
1.689,22700890
1.705,22706893
1.683,22712895
1.71,22718897
1.699,22724898
1.694,22730902
1.714,22736904
1.694,22742907
1.704,22748909
1.685,22754912
1.705,22760914
1.666,22766916
1.704,22772917
1.695,22778922
1.708,22784924
1.708,22790927
1.695,22796929
1.675,22802931
1.679,22808934
1.692,22814936
1.681,22820937
1.663,22826942
1.668,22832945
1.687,22838947
1.665,22844950
1.691,22850953
1.679,22856955
1.681,22862957
1.681,22868958
1.69,22874963
1.677,22880965
1.668,22886967
1.668,22892970
1.703,22898973
1.679,22904975
1.683,22910977
1.684,22916978
1.687,22922982
1.675,22928984
1.694,22934987
1.66,22940989
1.708,22946991
1.726,22952993
1.682,22958995
1.694,22964996
1.668,22971002
1.681,22977005
1.681,22983008
1.68,22989010
1.694,22995013
1.7,23001016
1.687,23007018
1.696,23013019
1.681,23019078
1.708,23025085
1.687,23031087
1.699,23037090
1.667,23043093
1.669,23049095
1.694,23055097
1.682,23061098
1.694,23067158
1.698,23073166
1.678,23079168
1.699,23085171
1.69,23091173
1.681,23097176
1.708,23103178
1.682,23109179
1.713,23115239
1.668,23121246
1.69,23127248
1.693,23133251
1.711,23139254
1.681,23145256
1.66,23151258
1.692,23157259
1.655,23163318
1.673,23169326
1.694,23175328
1.708,23181330
1.651,23187333
1.676,23193335
1.687,23199338
1.681,23205339
1.681,23211398
1.697,23217405
1.673,23223408
1.681,23229410
1.672,23235413
1.681,23241415
1.681,23247417
1.665,23253419
1.657,23259478
1.66,23265486
1.689,23271488
1.669,23277490
1.677,23283493
1.677,23289495
1.677,23295497
1.651,23301499
1.667,23307558
1.694,23313566
1.673,23319568
1.651,23325571
1.683,23331574
1.646,23337576
1.66,23343578
1.667,23349580
1.683,23355640
1.683,23361646
1.681,23367648
1.696,23373651
1.7,23379653
1.673,23385656
1.676,23391657
1.708,23397659
1.677,23403718
1.665,23409725
1.667,23415728
1.67,23421730
1.659,23427733
1.694,23433735
1.69,23439738
1.667,23445739
1.666,23451798
1.704,23457806
1.669,23463808
1.679,23469811
1.677,23475814
1.667,23481816
1.685,23487819
1.673,23493820
1.677,23499879
1.679,23505885
1.653,23511888
1.691,23517890
1.69,23523893
1.708,23529895
1.673,23535898
1.678,23541900
1.681,23547961
1.677,23553963
1.694,23559966
1.683,23565968
1.67,23571971
1.652,23577974
1.672,23583976
1.677,23589978
1.683,23596038
1.679,23602043
1.668,23608045
1.673,23614048
1.676,23620050
1.69,23626053
1.683,23632056
1.675,23638057
1.67,23644058
1.659,23650062
1.663,23656065
1.641,23662068
1.642,23668070
1.667,23674073
1.663,23680076
1.682,23686078
1.681,23692079
1.694,23698083
1.655,23704085
1.652,23710087
1.662,23716090
1.69,23722094
1.667,23728096
1.665,23734098
1.649,23740099
1.663,23746159
1.677,23752165
1.655,23758168
1.681,23764170
1.671,23770173
1.673,23776176
1.697,23782178
1.672,23788179
1.674,23794238
1.68,23800246
1.694,23806248
1.678,23812251
1.654,23818253
1.694,23824256
1.685,23830258
1.655,23836259
1.636,23842318
1.689,23848326
1.66,23854328
1.673,23860330
1.652,23866333
1.65,23872335
1.655,23878338
1.67,23884339
1.656,23890399
1.649,23896455
1.668,23902458
1.664,23908460
1.666,23914463
1.668,23920465
1.663,23926467
1.676,23932468
1.663,23938527
1.677,23944535
1.589,23950538
1.667,23956541
1.684,23962543
1.68,23968545
1.629,23974548
1.655,23980549
1.685,23986608
1.656,23992615
1.654,23998618
1.64,24004620
1.656,24010623
1.694,24016625
1.671,24022627
1.667,24028629
1.687,24034688
1.697,24040696
1.677,24046698
1.648,24052700
1.688,24058703
1.667,24064705
1.648,24070707
1.669,24076709
1.642,24082768
1.668,24088775
1.667,24094778
1.628,24100781
1.653,24106784
1.655,24112787
1.653,24118789
1.69,24124791
1.662,24130849
1.658,24136856
1.672,24142858
1.661,24148860
1.677,24154863
1.66,24160866
1.646,24166868
1.661,24172870
1.677,24178931
1.629,24184933
1.672,24190935
1.672,24196937
1.65,24202940
1.629,24208943
1.673,24214945
1.669,24220947
1.667,24226948
1.651,24232952
1.656,24238954
1.687,24244957
1.671,24250960
1.639,24256962
1.662,24262964
1.669,24268967
1.65,24274968
1.667,24280972
1.657,24286975
1.659,24292977
1.656,24298980
1.65,24304983
1.666,24310985
1.666,24316987
1.669,24322988
1.673,24328992
1.655,24334995
1.681,24340997
1.668,24347000
1.655,24353003
1.677,24359005
1.668,24365007
1.653,24371008
1.67,24377012
1.68,24383015
1.668,24389017
1.667,24395020
1.655,24401023
1.652,24407025
1.623,24413027
1.63,24419028
1.669,24425032
1.656,24431035
1.69,24437037
1.673,24443040
1.638,24449043
1.67,24455045
1.654,24461047
1.682,24467048
1.654,24473052
1.661,24479055
1.663,24485057
1.645,24491060
1.667,24497063
1.659,24503066
1.676,24509068
1.679,24515069
1.659,24521072
1.655,24527074
1.639,24533077
1.661,24539079
1.646,24545081
1.634,24551084
1.64,24557086
1.658,24563087
1.646,24569092
1.658,24575095
1.643,24581097
1.655,24587100
1.668,24593103
1.682,24599105
1.678,24605107
1.665,24611108
1.65,24617112
1.592,24623115
1.629,24629118
1.679,24635120
1.645,24641123
1.67,24647126
1.663,24653128
1.67,24659129
1.67,24665189
1.645,24671195
1.66,24677198
1.64,24683200
1.659,24689203
1.679,24695205
1.667,24701207
1.687,24707208
1.683,24713267
1.656,24719276
1.665,24725278
1.655,24731281
1.66,24737283
1.665,24743286
1.673,24749288
1.654,24755289
1.64,24761349
1.656,24767355
1.67,24773358
1.65,24779360
1.634,24785363
1.672,24791365
1.667,24797367
1.672,24803368
1.654,24809427
1.643,24815435
1.654,24821438
1.651,24827440
1.631,24833443
1.64,24839445
1.64,24845448
1.672,24851508
1.65,24857568
1.64,24863575
1.66,24869578
1.638,24875580
1.651,24881583
1.646,24887585
1.653,24893587
1.665,24899588
1.638,24905647
1.654,24911655
1.652,24917658
1.638,24923660
1.629,24929663
1.645,24935665
1.673,24941668
1.654,24947669
1.678,24953728
1.627,24959735
1.631,24965738
1.627,24971741
1.635,24977743
1.631,24983745
1.629,24989748
1.654,24995750
1.679,25001809
1.656,25007815
1.64,25013818
1.638,25019820
1.652,25025823
1.654,25031825
1.662,25037828
1.668,25043829
1.7,25049888
1.645,25055896
1.667,25061898
1.656,25067901
1.676,25073904
1.667,25079906
1.656,25085908
1.64,25091910
1.638,25097970
1.645,25103973
1.677,25109985
1.653,25115987
1.601,25121990
1.653,25127992
1.64,25133995
1.64,25139997
1.635,25146055
1.645,25152058
1.674,25158065
1.658,25164067
1.609,25170070
1.642,25176073
1.675,25182075
1.633,25188077
1.65,25194138
1.634,25200198
1.653,25206205
1.641,25212207
1.631,25218210
1.656,25224212
1.632,25230214
1.634,25236216
1.636,25242217
1.63,25248277
1.631,25254285
1.643,25260287
1.653,25266290
1.643,25272293
1.613,25278295
1.652,25284297
1.632,25290298
1.654,25296358
1.64,25302365
1.642,25308368
1.655,25314370
1.633,25320373
1.634,25326375
1.64,25332378
1.654,25338379
1.624,25344439
1.631,25350446
1.643,25356448
1.681,25362451
1.595,25368453
1.641,25374456
1.632,25380458
1.64,25386459
1.649,25392518
1.638,25398525
1.64,25404528
1.649,25410531
1.655,25416533
1.674,25422535
1.661,25428538
1.707,25434539
1.665,25440598
1.588,25446607
1.651,25452609
1.627,25458612
1.64,25464615
1.627,25470617
1.655,25476620
1.611,25482622
1.653,25488631
1.665,25494633
1.64,25500636
1.656,25506638
1.633,25512641
1.653,25518644
1.658,25524646
1.654,25530647
1.667,25536652
1.659,25542654
1.646,25548656
1.655,25554659
1.672,25560661
1.654,25566664
1.611,25572666
1.645,25578668
1.647,25584672
1.65,25590675
1.617,25596677
1.64,25602679
1.656,25608682
1.607,25614685
1.65,25620687
1.663,25626689
1.622,25632691
1.661,25638694
1.687,25644697
1.636,25650699
1.573,25656701
1.619,25662704
1.611,25668706
1.631,25674707
1.636,25680711
1.609,25686714
1.641,25692716
1.633,25698719
1.652,25704721
1.629,25710724
1.649,25716726
1.623,25722728
1.635,25728732
1.634,25734734
1.645,25740737
1.649,25746739
1.627,25752741
1.646,25758744
1.638,25764747
1.616,25770748
1.629,25776751
1.64,25782754
1.627,25788756
1.616,25794759
1.606,25800761
1.628,25806763
1.628,25812765
1.662,25818767
1.632,25824772
1.633,25830774
1.625,25836776
1.589,25842779
1.626,25848781
1.615,25854784
1.627,25860786
1.619,25866788
1.65,25872791
1.623,25878794
1.614,25884796
1.626,25890799
1.645,25896802
1.618,25902804
1.619,25908806
1.596,25914808
1.634,25920812
1.626,25926814
1.638,25932817
1.617,25938819
1.633,25944822
1.602,25950825
1.623,25956827
1.64,25962829
1.628,25968831
1.643,25974834
1.651,25980836
1.607,25986839
1.601,25992841
1.608,25998844
1.623,26004847
1.627,26010849
1.588,26016851
1.627,26022854
1.639,26028856
1.638,26034859
1.642,26040861
1.602,26046864
1.626,26052866
1.645,26058868
1.627,26064871
1.615,26070874
1.641,26076876
1.618,26082879
1.613,26088881
1.655,26094884
1.609,26100886
1.626,26106888
1.627,26112891
1.626,26118894
1.654,26124896
1.627,26130898
1.624,26136901
1.645,26142904
1.633,26148906
1.623,26154907
1.629,26160912
1.595,26166914
1.635,26172916
1.614,26178919
1.589,26184921
1.631,26190924
1.623,26196926
1.631,26202928
1.624,26208931
1.622,26214934
1.602,26220936
1.633,26226939
1.607,26232941
1.608,26238944
1.639,26244946
1.627,26250948
1.611,26256951
1.633,26262954
1.646,26268956
1.627,26274958
1.633,26280961
1.632,26286964
1.605,26292966
1.619,26298968
1.641,26304971
1.626,26310974
1.623,26316977
1.639,26322979
1.629,26328983
1.618,26334985
1.606,26340987
1.65,26346989
1.63,26352991
1.609,26358993
1.602,26364996
1.627,26370999
1.624,26377001
1.568,26383004
1.602,26389006
1.628,26395008
1.6,26401011
1.649,26407014
1.623,26413016
1.591,26419018
1.642,26425021
1.602,26431024
1.625,26437026
1.585,26443028
1.627,26449087
1.649,26455095
1.616,26461098
1.645,26467101
1.648,26473104
1.618,26479106
1.628,26485108
1.632,26491109
1.628,26497168
1.6,26503176
1.614,26509178
1.641,26515181
1.607,26521184
1.625,26527187
1.622,26533189
1.64,26539191
1.606,26545250
1.613,26551256
1.619,26557258
1.623,26563260
1.616,26569263
1.611,26575265
1.622,26581268
1.592,26587270
1.599,26593329
1.627,26599336
1.642,26605338
1.61,26611341
1.635,26617344
1.606,26623346
1.601,26629348
1.634,26635350
1.588,26641409
1.64,26647415
1.591,26653418
1.591,26659421
1.632,26665424
1.567,26671426
1.637,26677428
1.594,26683431
1.596,26689432
1.586,26695443
1.599,26701445
1.612,26707448
1.607,26713451
1.612,26719454
1.619,26725456
1.602,26731457
1.602,26737459
1.619,26743462
1.628,26749465
1.584,26755467
1.603,26761470
1.613,26767473
1.586,26773475
1.623,26779477
1.604,26785478
1.619,26791482
1.6,26797484
1.618,26803487
1.627,26809489
1.605,26815492
1.605,26821494
1.585,26827496
1.611,26833557
1.585,26839563
1.618,26845565
1.632,26851568
1.597,26857571
1.602,26863573
1.604,26869575
1.578,26875577
1.588,26881578
1.6,26887582
1.6,26893585
1.6,26899587
1.619,26905590
1.643,26911593
1.612,26917595
1.614,26923597
1.623,26929598
1.631,26935603
1.619,26941605
1.628,26947608
1.606,26953610
1.586,26959612
1.639,26965615
1.602,26971617
1.637,26977618
1.613,26983623
1.61,26989626
1.6,26995628
1.616,27001631
1.627,27007633
1.618,27013636
1.573,27019637
1.602,27025696
1.567,27031706
1.627,27037708
1.582,27043711
1.619,27049714
1.627,27055716
1.586,27061718
1.594,27067720
1.594,27073782
1.619,27079793
1.594,27085795
1.59,27091798
1.595,27097801
1.616,27103803
1.608,27109805
1.619,27115807
1.626,27121808
1.592,27127812
1.624,27133815
1.607,27139817
1.6,27145820
1.6,27151823
1.623,27157825
1.586,27163827
1.595,27169828
1.631,27175888
1.613,27181895
1.605,27187898
1.626,27193899
1.607,27199902
1.584,27205904
1.608,27211906
1.627,27217907
1.587,27223967
1.598,27229976
1.589,27235978
1.598,27241981
1.623,27247983
1.589,27253985
1.6,27259987
1.606,27265989
1.592,27272048
1.615,27278055
1.602,27284058
1.605,27290061
1.624,27296063
1.595,27302066
1.597,27308068
1.573,27314069
1.599,27320128
1.574,27326136
1.609,27332138
1.592,27338140
1.6,27344143
1.578,27350146
1.602,27356148
1.6,27362149
1.611,27368208
1.606,27374215
1.587,27380218
1.596,27386221
1.578,27392224
1.616,27398225
1.592,27404227
1.555,27410229
1.613,27416288
1.599,27422295
1.591,27428298
1.628,27434301
1.613,27440304
1.591,27446306
1.616,27452308
1.612,27458309
1.601,27464368
1.58,27470375
1.618,27476378
1.613,27482381
1.604,27488384
1.603,27494385
1.611,27500388
1.6,27506389
1.612,27512448
1.608,27518456
1.579,27524458
1.6,27530461
1.587,27536464
1.573,27542466
1.608,27548468
1.572,27554470
1.585,27560529
1.592,27566535
1.585,27572538
1.577,27578540
1.638,27584543
1.551,27590545
1.612,27596548
1.591,27602550
1.591,27608609
1.597,27614615
1.591,27620618
1.64,27626621
1.6,27632624
1.577,27638626
1.604,27644628
1.606,27650630
1.564,27656691
1.594,27662703
1.589,27668705
1.585,27674708
1.601,27680710
1.576,27686713
1.6,27692715
1.594,27698717
1.581,27704718
1.608,27710778
1.585,27716785
1.602,27722788
1.564,27728790
1.583,27734793
1.59,27740795
1.588,27746797
1.6,27752798
1.579,27758858
1.585,27764865
1.591,27770868
1.557,27776871
1.627,27782873
1.586,27788876
1.613,27794878
1.6,27800879
1.605,27806938
1.604,27812946
1.557,27818948
1.588,27824951
1.606,27830953
1.585,27836955
1.574,27842957
1.582,27848959
1.575,27855018
1.575,27861025
1.602,27867028
1.585,27873030
1.592,27879033
1.565,27885036
1.596,27891038
1.6,27897039
1.586,27903098
1.585,27909105
1.605,27915108
1.595,27921111
1.564,27927113
1.583,27933116
1.592,27939118
1.597,27945119
1.581,27951178
1.606,27957186
1.627,27963188
1.555,27969191
1.569,27975194
1.594,27981196
1.589,27987197
1.565,27993199
1.605,27999258
1.576,28005265
1.607,28011268
1.591,28017271
1.551,28023273
1.582,28029275
1.597,28035277
1.584,28041278
1.572,28047337
1.596,28053345
1.578,28059348
1.559,28065350
1.588,28071353
1.621,28077355
1.586,28083357
1.6,28089359
1.64,28095418
1.578,28101426
1.543,28107428
1.538,28113431
1.596,28119433
1.581,28125436
1.561,28131438
1.607,28137439
1.58,28143498
1.568,28149505
1.575,28155507
1.569,28161510
1.6,28167513
1.623,28173515
1.565,28179517
1.549,28185519
1.566,28191578
1.568,28197586
1.564,28203588
1.562,28209591
1.58,28215593
1.567,28221595
1.578,28227597
1.609,28233599
1.578,28239658
1.56,28245666
1.574,28251668
1.573,28257671
1.585,28263674
1.609,28269676
1.552,28275679
1.59,28281681
1.605,28287742
1.579,28293743
1.585,28299755
1.569,28305757
1.55,28311760
1.581,28317763
1.59,28323765
1.581,28329767
1.6,28335768
1.558,28341828
1.577,28347836
1.602,28353838
1.552,28359841
1.57,28365843
1.582,28371845
1.573,28377847
1.591,28383848
1.573,28389908
1.571,28395915
1.564,28401918
1.599,28407921
1.585,28413923
1.559,28419926
1.599,28425928
1.583,28431929
1.602,28437989
1.548,28443995
1.596,28449998
1.581,28456000
1.528,28462003
1.546,28468005
1.555,28474008
1.571,28480009
1.546,28486068
1.557,28492075
1.587,28498078
1.571,28504080
1.585,28510083
1.564,28516086
1.595,28522088
1.586,28528089
1.569,28534148
1.588,28540200
1.573,28546203
1.557,28552205
1.546,28558208
1.606,28564209
1.58,28570212
1.558,28576213
1.559,28582222
1.585,28588225
1.6,28594227
1.587,28600229
1.596,28606232
1.546,28612234
1.555,28618236
1.573,28624238
1.571,28630297
1.574,28636305
1.543,28642308
1.579,28648311
1.564,28654314
1.585,28660316
1.561,28666318
1.561,28672320
1.55,28678379
1.542,28684385
1.552,28690388
1.545,28696390
1.582,28702393
1.585,28708396
1.601,28714398
1.585,28720399
1.545,28726458
1.573,28732465
1.586,28738468
1.575,28744471
1.575,28750473
1.542,28756475
1.557,28762477
1.577,28768479
1.586,28774538
1.547,28780545
1.578,28786548
1.554,28792550
1.58,28798553
1.585,28804555
1.574,28810557
1.56,28816559
1.573,28822618
1.531,28828626
1.575,28834628
1.598,28840631
1.573,28846633
1.562,28852636
1.569,28858638
1.574,28864640
1.546,28870699
1.548,28876705
1.548,28882708
1.592,28888711
1.589,28894714
1.573,28900716
1.569,28906718
1.568,28912721
1.58,28918779
1.571,28924786
1.547,28930788
1.557,28936791
1.587,28942793
1.594,28948796
1.572,28954798
1.565,28960800
1.558,28966858
1.587,28972866
1.574,28978868
1.587,28984871
1.596,28990873
1.563,28996876
1.558,29002878
1.573,29008880
1.548,29014941
1.564,29020953
1.569,29026955
1.57,29032958
1.553,29038960
1.56,29044963
1.559,29050965
1.542,29056967
1.537,29062968
1.547,29068972
1.559,29074974
1.585,29080977
1.521,29086979
1.573,29092982
1.558,29098984
1.518,29104986
1.519,29110987
1.558,29116992
1.564,29122995
1.546,29128997
1.532,29135000
1.564,29141002
1.565,29147004
1.562,29153006
1.534,29159007
1.561,29165012
1.52,29171015
1.555,29177017
1.546,29183019
1.533,29189021
1.558,29195024
1.542,29201026
1.534,29207027
1.553,29213032
1.546,29219035
1.555,29225037
1.543,29231039
1.546,29237041
1.551,29243044
1.546,29249046
1.556,29255047
1.559,29261053
1.547,29267055
1.57,29273057
1.524,29279060
1.547,29285064
1.554,29291067
1.438,29297069
1.537,29303071
1.558,29309083
1.532,29315086
1.573,29321089
1.534,29327093
1.579,29333096
1.561,29339099
1.546,29345102
1.532,29351104
1.515,29357113
1.55,29363116
1.572,29369120
1.585,29375123
1.599,29381126
1.541,29387129
1.569,29393131
1.558,29399134
1.623,29405143
1.511,29411146
1.573,29417149
1.55,29423153
1.571,29429156
1.573,29435159
1.55,29441161
1.534,29447164
1.562,29453173
1.564,29459176
1.564,29465179
1.546,29471183
1.554,29477186
1.517,29483189
1.539,29489192
1.544,29495194
1.574,29501203
1.551,29507206
1.518,29513209
1.565,29519213
1.558,29525216
1.541,29531219
1.554,29537222
1.551,29543224
1.562,29549233
1.567,29555236
1.558,29561239
1.562,29567243
1.575,29573246
1.539,29579248
1.573,29585251
1.552,29591253
1.551,29597262
1.546,29603265
1.541,29609268
1.563,29615272
1.565,29621276
1.557,29627278
1.546,29633281
1.548,29639282
1.536,29645293
1.542,29651296
1.521,29657299
1.547,29663303
1.548,29669306
1.543,29675308
1.532,29681311
1.568,29687314
1.532,29693323
1.535,29699326
1.553,29705329
1.528,29711333
1.547,29717336
1.585,29723338
1.576,29729341
1.561,29735343
1.551,29741353
1.521,29747356
1.546,29753359
1.52,29759363
1.548,29765366
1.531,29771368
1.55,29777371
1.562,29783373
1.567,29789383
1.575,29795386
1.573,29801389
1.542,29807393
1.545,29813396
1.444,29819398
1.545,29825401
1.542,29831403
1.54,29837412
1.54,29843415
1.532,29849419
1.535,29855423
1.564,29861426
1.542,29867429
1.521,29873432
1.536,29879434
1.528,29885435
1.521,29891445
1.55,29897448
1.528,29903451
1.54,29909455
1.551,29915458
1.549,29921460
1.531,29927462
1.569,29933463
1.521,29939476
1.53,29945479
1.535,29951482
1.507,29957485
1.53,29963488
1.537,29969490
1.561,29975492
1.573,29981493
1.527,29987506
1.528,29993509
1.511,29999513
1.525,30005516
1.526,30011519
1.516,30017522
1.506,30023524
1.496,30029584
1.542,30035596
1.551,30041599
1.517,30047603
1.559,30053606
1.493,30059608
1.521,30065611
1.538,30071613
1.535,30077673
1.564,30083714
1.54,30089717
1.546,30095720
1.532,30101724
1.551,30107726
1.547,30113729
1.522,30119730
1.534,30125731
1.542,30131735
1.513,30137739
1.496,30143742
1.473,30149745
1.562,30155748
1.53,30161750
1.503,30167753
1.537,30173813
1.527,30179827
1.521,30185830
1.525,30191833
1.558,30197836
1.519,30203839
1.515,30209841
1.519,30215844
1.523,30221903
1.519,30227916
1.541,30233919
1.544,30239923
1.521,30245926
1.528,30251929
1.551,30257932
1.519,30263934
1.53,30269994
1.555,30276006
1.494,30282009
1.519,30288012
1.548,30294016
1.532,30300018
1.534,30306021
1.571,30312023
1.521,30318083
1.517,30324096
1.519,30330099
1.54,30336103
1.528,30342106
1.534,30348109
1.537,30354112
1.518,30360114
1.531,30366174
1.524,30372186
1.52,30378189
1.535,30384193
1.546,30390196
1.487,30396199
1.519,30402202
1.52,30408205
1.546,30414265
1.559,30420276
1.533,30426279
1.523,30432283
1.505,30438286
1.546,30444289
1.527,30450291
1.505,30456294
1.498,30462354
1.491,30468366
1.514,30474369
1.537,30480373
1.546,30486376
1.526,30492379
1.521,30498382
1.523,30504384
1.523,30510444
1.503,30516456
1.515,30522460
1.532,30528463
1.524,30534467
1.546,30540469
1.495,30546472
1.501,30552475
1.535,30558535
1.522,30564546
1.547,30570549
1.52,30576553
1.521,30582556
1.525,30588559
1.541,30594562
1.501,30600565
1.521,30606625
1.547,30612636
1.531,30618639
1.558,30624643
1.506,30630646
1.5,30636648
1.489,30642651
1.527,30648654
1.546,30654714
1.508,30660726
1.537,30666729
1.519,30672733
1.503,30678736
1.56,30684739
1.54,30690742
1.514,30696745
1.481,30702804
1.532,30708816
1.525,30714820
1.515,30720823
1.503,30726826
1.546,30732829
1.538,30738832
1.512,30744836
1.506,30750895
1.489,30756906
1.55,30762910
1.513,30768913
1.492,30774916
1.501,30780919
1.516,30786922
1.528,30792925
1.533,30798986
1.559,30804994
1.508,30810997
1.478,30817000
1.519,30823003
1.541,30829006
1.521,30835009
1.483,30841012
1.52,30847014
1.482,30853023
1.51,30859026
1.521,30865029
1.494,30871032
1.515,30877036
1.519,30883038
1.546,30889041
1.53,30895043
1.53,30901053
1.508,30907056
1.412,30913059
1.507,30919062
1.519,30925065
1.519,30931068
1.49,30937071
1.519,30943073
1.496,30949133
1.489,30955146
1.514,30961149
1.497,30967153
1.516,30973156
1.527,30979159
1.521,30985161
1.521,30991164
1.51,30997224
1.53,31003236
1.479,31009239
1.524,31015243
1.511,31021246
1.51,31027248
1.498,31033251
1.506,31039253
1.519,31045313
1.521,31051326
1.518,31057329
1.534,31063333
1.523,31069336
1.541,31075339
1.52,31081342
1.492,31087344
1.513,31093404
1.507,31099416
1.504,31105419
1.516,31111423
1.486,31117426
1.514,31123428
1.489,31129432
1.476,31135434
1.515,31141494
1.519,31147506
1.542,31153509
1.517,31159513
1.487,31165516
1.492,31171518
1.492,31177522
1.504,31183524
1.478,31189583
1.492,31195596
1.522,31201599
1.493,31207603
1.497,31213606
1.503,31219609
1.525,31225612
1.502,31231614
1.505,31237674
1.508,31243686
1.494,31249690
1.474,31255693
1.465,31261696
1.497,31267699
1.545,31273702
1.506,31279705
1.51,31285764
1.542,31291776
1.544,31297780
1.496,31303783
1.483,31309786
1.515,31315789
1.504,31321792
1.494,31327795
1.508,31333855
1.471,31339866
1.505,31345869
1.516,31351873
1.477,31357876
1.467,31363879
1.518,31369881
1.507,31375884
1.504,31381946
1.504,31387954
1.492,31393957
1.5,31399960
1.503,31405963
1.489,31411966
1.497,31417969
1.52,31423972
1.521,31429974
1.474,31435983
1.465,31441986
1.513,31447990
1.491,31453993
1.495,31459996
1.505,31465999
1.531,31472002
1.499,31478004
1.484,31484013
1.453,31490016
1.492,31496020
1.481,31502023
1.504,31508026
1.504,31514029
1.468,31520031
1.513,31526034
1.5,31532043
1.504,31538046
1.524,31544049
1.515,31550052
1.532,31556055
1.497,31562057
1.51,31568060
1.517,31574062
1.482,31580073
1.479,31586076
1.481,31592079
1.519,31598083
1.491,31604086
1.535,31610089
1.489,31616092
1.504,31622094
1.5,31628149
1.519,31634153
1.484,31640156
1.474,31646159
1.474,31652163
1.501,31658166
1.478,31664169
1.501,31670170
1.521,31676173
1.504,31682176
1.514,31688179
1.492,31694182
1.46,31700185
1.496,31706187
1.514,31712190
1.496,31718192
1.498,31724203
1.516,31730206
1.492,31736209
1.537,31742213
1.496,31748216
1.493,31754218
1.483,31760221
1.497,31766223
1.497,31772233
1.464,31778236
1.488,31784239
1.488,31790242
1.501,31796245
1.504,31802248
1.49,31808251
1.479,31814253
1.509,31820263
1.511,31826266
1.497,31832269
1.483,31838273
1.51,31844276
1.521,31850278
1.465,31856281
1.476,31862283
1.519,31868293
1.478,31874296
1.483,31880300
1.48,31886304
1.484,31892307
1.494,31898310
1.513,31904312
1.498,31910314
1.471,31916323
1.491,31922326
1.505,31928329
1.477,31934333
1.481,31940336
1.504,31946338
1.515,31952341
1.48,31958343
1.503,31964353
1.514,31970356
1.464,31976359
1.498,31982363
1.48,31988366
1.47,31994368
1.493,32000371
1.467,32006373
1.516,32012383
1.488,32018386
1.514,32024389
1.516,32030392
1.461,32036395
1.494,32042398
1.499,32048401
1.509,32054403
1.464,32060413
1.457,32066416
1.493,32072419
1.531,32078423
1.478,32084426
1.459,32090428
1.465,32096431
1.48,32102433
1.494,32108443
1.504,32114446
1.484,32120449
1.498,32126453
1.496,32132456
1.506,32138458
1.467,32144461
1.489,32150464
1.471,32156473
1.515,32162476
1.491,32168479
1.473,32174483
1.463,32180486
1.464,32186488
1.474,32192491
1.478,32198493
1.454,32204503
1.465,32210506
1.465,32216509
1.483,32222512
1.459,32228515
1.478,32234518
1.478,32240521
1.452,32246523
1.495,32252533
1.473,32258536
1.494,32264539
1.488,32270543
1.481,32276546
1.49,32282548
1.436,32288551
1.501,32294553
1.477,32300563
1.442,32306566
1.466,32312569
1.482,32318572
1.491,32324575
1.478,32330578
1.501,32336581
1.452,32342583
1.528,32348593
1.504,32354596
1.465,32360599
1.471,32366602
1.465,32372605
1.438,32378608
1.456,32384611
1.423,32390612
1.478,32396623
1.465,32402626
1.528,32408629
1.46,32414633
1.437,32420636
1.444,32426638
1.468,32432641
1.5,32438643
1.519,32444653
1.517,32450656
1.491,32456659
1.492,32462663
1.435,32468666
1.468,32474668
1.494,32480671
1.488,32486674
1.508,32492683
1.492,32498686
1.484,32504689
1.483,32510693
1.496,32516696
1.473,32522699
1.478,32528701
1.524,32534704
1.453,32540713
1.479,32546716
1.493,32552719
1.465,32558723
1.476,32564726
1.483,32570729
1.492,32576731
1.492,32582733
1.48,32588743
1.465,32594746
1.477,32600750
1.471,32606753
1.455,32612756
1.45,32618759
1.478,32624762
1.489,32630764
1.46,32636824
1.482,32642836
1.488,32648839
1.45,32654843
1.461,32660846
1.456,32666849
1.478,32672851
1.494,32678854
1.437,32684914
1.462,32690926
1.461,32696929
1.462,32702933
1.467,32708936
1.478,32714938
1.5,32720941
1.467,32726943
1.465,32733003
1.435,32739016
1.455,32745020
1.483,32751023
1.49,32757026
1.463,32763029
1.44,32769032
1.447,32775034
1.467,32781093
1.476,32787106
1.47,32793110
1.48,32799113
1.456,32805116
1.465,32811119
1.466,32817122
1.493,32823124
1.456,32829183
1.476,32835196
1.478,32841199
1.467,32847202
1.461,32853205
1.472,32859208
1.468,32865211
1.491,32871213
1.498,32877273
1.457,32883286
1.477,32889290
1.493,32895293
1.445,32901297
1.453,32907299
1.47,32913303
1.46,32919305
1.456,32925365
1.486,32931376
1.452,32937380
1.472,32943383
1.459,32949387
1.45,32955390
1.477,32961393
1.474,32967395
1.466,32973454
1.44,32979466
1.466,32985469
1.446,32991473
1.451,32997476
1.417,33003479
1.461,33009482
1.423,33015485
1.451,33021545
1.43,33027556
1.422,33033559
1.474,33039563
1.503,33045566
1.461,33051569
1.477,33057572
1.435,33063575
1.453,33069634
1.465,33075646
1.478,33081650
1.484,33087653
1.438,33093656
1.457,33099659
1.446,33105662
1.463,33111664
1.447,33117724
1.466,33123736
1.456,33129739
1.465,33135743
1.47,33141746
1.469,33147748
1.471,33153751
1.461,33159754
1.419,33165816
1.415,33171873
1.46,33177876
1.477,33183879
1.461,33189883
1.459,33195886
1.459,33201888
1.478,33207891
1.487,33213896
1.434,33219903
1.456,33225906
1.505,33231909
1.455,33237912
1.42,33243915
1.447,33249918
1.483,33255921
1.439,33261923
1.465,33267933
1.465,33273936
1.456,33279939
1.482,33285943
1.475,33291946
1.46,33297948
1.451,33303951
1.465,33309954
1.471,33315963
1.439,33321966
1.459,33327969
1.45,33333973
1.45,33339976
1.471,33345979
1.474,33351982
1.465,33357986
1.461,33363993
1.438,33369996
1.438,33375999
1.459,33382003
1.476,33388005
1.452,33394008
1.483,33400011
1.418,33406013
1.458,33412023
1.434,33418026
1.45,33424029
1.442,33430033
1.454,33436036
1.438,33442039
1.478,33448041
1.276,33454045
1.461,33460105
1.448,33466116
1.473,33472119
1.442,33478122
1.456,33484125
1.434,33490127
1.464,33496130
1.481,33502133
1.484,33508193
1.438,33514206
1.446,33520210
1.464,33526213
1.469,33532216
1.412,33538219
1.454,33544222
1.447,33550224
1.467,33556284
1.471,33562296
1.436,33568299
1.441,33574302
1.465,33580305
1.45,33586308
1.442,33592310
1.423,33598313
1.419,33604373
1.439,33610386
1.435,33616389
1.434,33622393
1.447,33628396
1.453,33634399
1.461,33640401
1.435,33646405
1.442,33652465
1.437,33658476
1.447,33664479
1.429,33670482
1.443,33676486
1.408,33682488
1.417,33688491
1.457,33694493
1.438,33700553
1.45,33706566
1.438,33712569
1.42,33718573
1.446,33724576
1.407,33730579
1.393,33736582
1.42,33742585
1.451,33748644
1.44,33754656
1.453,33760659
1.423,33766663
1.395,33772666
1.418,33778669
1.443,33784672
1.399,33790674
1.422,33796734
1.438,33802746
1.467,33808750
1.452,33814753
1.413,33820757
1.419,33826760
1.466,33832763
1.438,33838766
1.446,33844825
1.422,33850836
1.422,33856840
1.403,33862843
1.449,33868846
1.45,33874849
1.456,33880852
1.438,33886855
1.436,33892914
1.423,33898926
1.419,33904929
1.437,33910933
1.452,33916936
1.441,33922940
1.464,33928943
1.443,33934945
1.436,33941004
1.45,33947016
1.413,33953020
1.423,33959023
1.43,33965026
1.439,33971029
1.461,33977031
1.406,33983035
1.42,33989096
1.438,33995104
1.411,34001107
1.437,34007110
1.405,34013113
1.451,34019117
1.437,34025120
1.438,34031122
1.438,34037124
1.407,34043133
1.417,34049136
1.411,34055139
1.431,34061142
1.476,34067145
1.472,34073148
1.437,34079151
1.45,34085153
1.402,34091163
1.437,34097166
1.396,34103169
1.415,34109173
1.436,34115177
1.417,34121180
1.407,34127182
1.396,34133184
1.47,34139193
1.443,34145196
1.42,34151199
1.416,34157203
1.408,34163206
1.429,34169209
1.412,34175211
1.465,34181214
1.441,34187223
1.38,34193226
1.456,34199229
1.408,34205233
1.411,34211236
1.439,34217239
1.439,34223242
1.435,34229244
1.443,34235253
1.43,34241256
1.48,34247259
1.438,34253263
1.44,34259266
1.434,34265269
1.434,34271272
1.437,34277274
1.461,34283334
1.435,34289346
1.445,34295349
1.439,34301352
1.423,34307355
1.451,34313358
1.486,34319361
1.444,34325363
1.403,34331423
1.391,34337436
1.447,34343439
1.396,34349443
1.422,34355446
1.423,34361448
1.419,34367451
1.383,34373454
1.429,34379514
1.416,34385526
1.371,34391529
1.416,34397533
1.437,34403536
1.446,34409539
1.414,34415542
1.401,34421544
1.386,34427604
1.437,34433616
1.443,34439619
1.407,34445622
1.414,34451626
1.407,34457628
1.41,34463631
1.407,34469633
1.411,34475634
1.415,34481645
1.395,34487649
1.386,34493652
1.375,34499655
1.394,34505658
1.444,34511661
1.398,34517663
1.411,34523723
1.416,34529736
1.409,34535739
1.447,34541743
1.449,34547746
1.409,34553749
1.439,34559752
1.422,34565754
1.408,34571814
1.438,34577826
1.42,34583829
1.441,34589833
1.429,34595837
1.4,34601840
1.365,34607843
1.408,34613845
1.402,34619905
1.437,34625916
1.418,34631919
1.39,34637923
1.436,34643926
1.407,34649929
1.396,34655932
1.408,34661934
1.41,34667993
1.41,34674006
1.396,34680009
1.411,34686012
1.395,34692015
1.339,34698018
1.415,34704021
1.463,34710024
1.437,34716084
1.417,34722138
1.395,34728141
1.438,34734144
1.393,34740147
1.445,34746150
1.434,34752153
1.376,34758156
1.433,34764163
1.395,34770166
1.391,34776169
1.451,34782173
1.42,34788176
1.423,34794180
1.434,34800183
1.396,34806185
1.384,34812244
1.406,34818256
1.41,34824260
1.423,34830263
1.396,34836266
1.429,34842270
1.436,34848272
1.381,34854275
1.408,34860334
1.396,34866346
1.405,34872349
1.412,34878353
1.402,34884356
1.395,34890358
1.395,34896362
1.401,34902365
1.351,34908424
1.385,34914436
1.41,34920440
1.443,34926443
1.391,34932446
1.388,34938449
1.393,34944452
1.369,34950456
1.362,34956517
1.433,34962524
1.423,34968527
1.411,34974530
1.416,34980533
1.429,34986536
1.41,34992539
1.415,34998541
1.402,35004543
1.373,35010553
1.411,35016555
1.411,35022559
1.437,35028562
1.381,35034565
1.405,35040568
1.389,35046570
1.398,35052572
1.384,35058582
1.422,35064585
1.42,35070589
1.403,35076591
1.387,35082595
1.412,35088598
1.395,35094600
1.372,35100603
1.365,35106613
1.4,35112616
1.413,35118619
1.373,35124623
1.375,35130627
1.41,35136630
1.383,35142632
1.388,35148634
1.375,35154643
1.397,35160646
1.43,35166649
1.392,35172653
1.393,35178657
1.41,35184660
1.385,35190662
1.371,35196664
1.386,35202673
1.363,35208676
1.396,35214679
1.374,35220683
1.376,35226686
1.411,35232689
1.411,35238691
1.416,35244693
1.389,35250703
1.435,35256706
1.383,35262710
1.361,35268713
1.382,35274717
1.395,35280719
1.383,35286722
1.375,35292724
1.37,35298733
1.356,35304736
1.37,35310739
1.376,35316743
1.432,35322746
1.398,35328748
1.391,35334751
1.403,35340753
1.393,35346763
1.446,35352766
1.375,35358769
1.365,35364773
1.37,35370776
1.4,35376779
1.39,35382782
1.423,35388784
1.374,35394793
1.418,35400796
1.364,35406799
1.389,35412803
1.396,35418806
1.372,35424809
1.403,35430811
1.393,35436814
1.391,35442823
1.402,35448826
1.354,35454829
1.417,35460833
1.38,35466836
1.37,35472839
1.437,35478842
1.412,35484844
1.386,35490904
1.396,35496916
1.357,35502919
1.423,35508923
1.37,35514926
1.375,35520929
1.384,35526932
1.383,35532934
1.362,35538994
1.421,35545006
1.342,35551009
1.377,35557012
1.406,35563015
1.386,35569018
1.373,35575020
1.347,35581023
1.378,35587083
1.402,35593096
1.423,35599099
1.353,35605103
1.375,35611106
1.376,35617108
1.369,35623111
1.369,35629114
1.368,35635173
1.379,35641186
1.366,35647190
1.397,35653193
1.37,35659197
1.359,35665199
1.367,35671202
1.365,35677205
1.373,35683265
1.365,35689276
1.361,35695279
1.408,35701283
1.383,35707286
1.393,35713288
1.362,35719291
1.384,35725294
1.38,35731354
1.436,35737366
1.389,35743369
1.379,35749373
1.375,35755377
1.361,35761379
1.356,35767383
1.382,35773386
1.391,35779445
1.373,35785456
1.396,35791459
1.398,35797463
1.396,35803466
1.421,35809469
1.45,35815472
1.401,35821474
1.369,35827536
1.363,35833543
1.393,35839546
1.41,35845550
1.396,35851553
1.37,35857556
1.359,35863559
1.386,35869562
1.402,35875564
1.33,35881573
1.385,35887576
1.374,35893579
1.354,35899582
1.373,35905585
1.376,35911588
1.331,35917591
1.409,35923595
1.378,35929603
1.348,35935606
1.384,35941609
1.372,35947613
1.355,35953616
1.399,35959619
1.402,35965622
1.384,35971625
1.344,35977633
1.366,35983636
1.365,35989640
1.357,35995643
1.396,36001646
1.333,36007649
1.369,36013651
1.364,36019653
1.412,36025663
1.362,36031666
1.36,36037669
1.356,36043673
1.357,36049676
1.39,36055679
1.357,36061682
1.364,36067685
1.384,36073693
1.386,36079696
1.38,36085699
1.371,36091703
1.37,36097706
1.38,36103709
1.37,36109712
1.378,36115714
1.379,36121723
1.389,36127726
1.384,36133729
1.345,36139733
1.363,36145736
1.38,36151739
1.387,36157742
1.348,36163744
1.383,36169753
1.376,36175756
1.378,36181759
1.348,36187762
1.359,36193765
1.35,36199768
1.354,36205771
1.378,36211773
1.371,36217833
1.346,36223846
1.369,36229849
1.352,36235853
1.375,36241856
1.369,36247859
1.347,36253861
1.369,36259863
1.396,36265923
1.376,36271976
1.365,36277979
1.397,36283982
1.371,36289986
1.357,36295988
1.384,36301991
1.369,36307993
1.357,36314003
1.361,36320006
1.304,36326009
1.339,36332012
1.382,36338015
1.331,36344018
1.348,36350020
1.342,36356022
1.349,36362033
1.396,36368035
1.379,36374038
1.357,36380041
1.366,36386045
1.351,36392047
1.357,36398050
1.369,36404054
1.33,36410063
1.33,36416066
1.337,36422069
1.344,36428073
1.33,36434076
1.339,36440078
1.393,36446081
1.348,36452083
1.384,36458093
1.369,36464096
1.346,36470099
1.353,36476102
1.353,36482105
1.345,36488108
1.361,36494111
1.355,36500113
1.33,36506122
1.359,36512126
1.33,36518129
1.344,36524132
1.315,36530136
1.356,36536138
1.356,36542141
1.335,36548146
1.364,36554206
1.332,36560216
1.355,36566220
1.358,36572223
1.395,36578226
1.38,36584229
1.337,36590231
1.305,36596234
1.342,36602294
1.316,36608306
1.335,36614309
1.358,36620312
1.354,36626315
1.348,36632318
1.384,36638321
1.356,36644323
1.339,36650383
1.349,36656396
1.331,36662399
1.346,36668402
1.354,36674405
1.391,36680408
1.362,36686411
1.324,36692413
1.355,36698473
1.384,36704486
1.375,36710489
1.349,36716493
1.367,36722496
1.319,36728499
1.343,36734502
1.335,36740505
1.28,36746565
1.369,36752576
1.344,36758580
1.369,36764583
1.348,36770586
1.348,36776589
1.363,36782592
1.341,36788594
1.353,36794654
1.354,36800666
1.375,36806669
1.345,36812673
1.311,36818676
1.345,36824679
1.33,36830682
1.315,36836685
1.331,36842744
1.316,36848756
1.337,36854760
1.316,36860763
1.328,36866766
1.37,36872769
1.327,36878772
1.316,36884775
1.319,36890834
1.342,36896846
1.322,36902849
1.314,36908853
1.355,36914856
1.368,36920859
1.335,36926861
1.361,36932864
1.336,36938924
1.311,36944936
1.342,36950939
1.315,36956943
1.357,36962946
1.331,36968949
1.33,36974952
1.322,36980955
1.331,36987017
1.321,36993023
1.337,36999026
1.368,37005030
1.331,37011033
1.325,37017036
1.325,37023039
1.303,37029042
1.339,37035044
1.346,37041053
1.322,37047056
1.334,37053059
1.353,37059062
1.366,37065065
1.33,37071068
1.328,37077071
1.331,37083073
1.322,37089083
1.336,37095086
1.309,37101089
1.325,37107093
1.33,37113096
1.327,37119098
1.316,37125101
1.338,37131103
1.307,37137113
1.316,37143116
1.361,37149119
1.369,37155122
1.304,37161126
1.312,37167128
1.368,37173131
1.33,37179134
1.334,37185143
1.331,37191146
1.277,37197149
1.328,37203152
1.298,37209155
1.302,37215158
1.33,37221160
1.302,37227162
1.354,37233173
1.371,37239176
1.331,37245179
1.341,37251183
1.363,37257186
1.357,37263188
1.337,37269191
1.336,37275193
1.332,37281203
1.303,37287206
1.345,37293209
1.341,37299212
1.328,37305216
1.318,37311219
1.291,37317221
1.309,37323223
1.356,37329233
1.314,37335236
1.332,37341239
1.337,37347243
1.285,37353246
1.304,37359248
1.316,37365251
1.33,37371253
1.33,37377263
1.3,37383266
1.3,37389269
1.331,37395273
1.299,37401276
1.315,37407278
1.352,37413281
1.335,37419285
1.314,37425345
1.316,37431356
1.348,37437359
1.324,37443363
1.302,37449366
1.329,37455368
1.304,37461371
1.346,37467373
1.33,37473433
1.301,37479446
1.317,37485449
1.348,37491452
1.319,37497456
1.335,37503459
1.255,37509461
1.288,37515464
1.33,37521524
1.354,37527536
1.322,37533539
1.332,37539543
1.317,37545546
1.332,37551549
1.342,37557552
1.355,37563554
1.357,37569614
1.281,37575626
1.315,37581629
1.315,37587633
1.316,37593636
1.341,37599639
1.317,37605642
1.299,37611644
1.312,37617704
1.33,37623716
1.307,37629719
1.367,37635723
1.317,37641726
1.324,37647729
1.354,37653732
1.292,37659734
1.283,37665794
1.324,37671806
1.33,37677810
1.342,37683813
1.322,37689816
1.303,37695819
1.316,37701821
1.303,37707824
1.287,37713883
1.272,37719896
1.281,37725899
1.287,37731903
1.334,37737907
1.297,37743910
1.33,37749912
1.334,37755915
1.312,37761974
1.308,37767986
1.321,37773989
1.309,37779993
1.303,37785996
1.317,37791999
1.315,37798002
1.32,37804005
1.331,37810064
1.294,37816068
1.314,37822072
1.347,37828075
1.342,37834078
1.307,37840081
1.317,37846085
1.294,37852087
1.282,37858093
1.281,37864096
1.32,37870099
1.305,37876103
1.284,37882106
1.309,37888109
1.342,37894112
1.282,37900115
1.334,37906122
1.315,37912125
1.324,37918129
1.305,37924132
1.312,37930135
1.299,37936138
1.285,37942141
1.302,37948144
1.332,37954152
1.334,37960154
1.303,37966157
1.268,37972161
1.294,37978164
1.304,37984167
1.309,37990170
1.295,37996174
1.281,38002182
1.311,38008185
1.335,38014188
1.331,38020192
1.303,38026195
1.312,38032198
1.253,38038201
1.303,38044205
1.305,38050212
1.316,38056215
1.275,38062218
1.304,38068221
1.315,38074224
1.303,38080227
1.277,38086230
1.318,38092233
1.303,38098242
1.28,38104245
1.325,38110248
1.318,38116251
1.283,38122255
1.265,38128258
1.298,38134260
1.311,38140266
1.29,38146272
1.312,38152275
1.284,38158278
1.251,38164282
1.275,38170285
1.293,38176288
1.272,38182291
1.261,38188294
1.316,38194301
1.289,38200304
1.302,38206308
1.309,38212311
1.303,38218315
1.318,38224317
1.292,38230320
1.281,38236323
1.262,38242332
1.304,38248335
1.303,38254338
1.298,38260342
1.261,38266345
1.279,38272347
1.293,38278350
1.305,38284353
1.272,38290361
1.303,38296365
1.261,38302368
1.244,38308371
1.272,38314375
1.318,38320377
1.277,38326380
1.304,38332384
1.303,38338392
1.281,38344395
1.317,38350398
1.282,38356402
1.305,38362405
1.299,38368408
1.325,38374411
1.293,38380414
1.299,38386422
1.301,38392425
1.318,38398428
1.322,38404432
1.303,38410435
1.283,38416438
1.275,38422441
1.3,38428444
1.289,38434451
1.317,38440455
1.28,38446458
1.276,38452461
1.316,38458465
1.308,38464468
1.288,38470470
1.282,38476473
1.317,38482482
1.282,38488485
1.277,38494488
1.289,38500491
1.305,38506495
1.308,38512498
1.27,38518500
1.31,38524503
1.292,38530512
1.312,38536515
1.29,38542519
1.333,38548522
1.307,38554525
1.295,38560528
1.312,38566531
1.262,38572534
1.205,38578545
1.308,38584605
1.293,38590608
1.263,38596612
1.237,38602615
1.3,38608619
1.315,38614621
1.266,38620625
1.287,38626627
1.294,38632633
1.304,38638636
1.283,38644639
1.278,38650642
1.268,38656645
1.276,38662648
1.276,38668651
1.308,38674653
1.282,38680663
1.245,38686665
1.258,38692669
1.276,38698672
1.283,38704675
1.25,38710678
1.272,38716681
1.305,38722683
1.271,38728693
1.268,38734696
1.29,38740699
1.29,38746702
1.289,38752705
1.273,38758708
1.249,38764711
1.263,38770713
1.272,38776723
1.304,38782726
1.251,38788729
1.247,38794732
1.278,38800735
1.228,38806738
1.263,38812741
1.276,38818745
1.27,38824753
1.245,38830756
1.276,38836759
1.292,38842762
1.276,38848765
1.275,38854768
1.249,38860771
1.285,38866774
1.29,38872783
1.303,38878786
1.287,38884789
1.263,38890793
1.265,38896796
1.283,38902799
1.25,38908801
1.258,38914803
1.253,38920813
1.262,38926816
1.243,38932819
1.28,38938823
1.276,38944826
1.278,38950828
1.275,38956831
1.25,38962833
1.287,38968843
1.277,38974846
1.316,38980849
1.274,38986853
1.276,38992856
1.276,38998859
1.27,39004861
1.261,39010863
1.276,39016873
1.3,39022876
1.25,39028879
1.262,39034883
1.295,39040886
1.271,39046889
1.247,39052891
1.277,39058894
1.196,39064903
1.276,39070906
1.257,39076909
1.317,39082912
1.288,39088915
1.245,39094918
1.278,39100921
1.272,39106925
1.28,39112933
1.263,39118936
1.256,39124939
1.303,39130943
1.24,39136946
1.261,39142949
1.266,39148952
1.244,39154953
1.263,39160962
1.249,39166965
1.248,39172968
1.242,39178972
1.245,39184975
1.261,39190978
1.249,39196981
1.249,39202983
1.258,39208993
1.232,39214996
1.255,39220999
1.277,39227002
1.262,39233005
1.258,39239008
1.267,39245011
1.27,39251013
1.267,39257014
1.23,39263026
1.251,39269029
1.238,39275033
1.258,39281036
1.264,39287038
1.28,39293042
1.254,39299043
1.251,39305044
1.249,39311056
1.222,39317059
1.258,39323062
1.25,39329065
1.273,39335068
1.273,39341071
1.22,39347073
1.264,39353133
1.249,39359193
1.254,39365196
1.257,39371199
1.276,39377203
1.275,39383206
1.261,39389208
1.262,39395210
1.247,39401270
1.268,39407276
1.246,39413279
1.226,39419283
1.24,39425286
1.248,39431288
1.271,39437291
1.247,39443293
1.266,39449353
1.225,39455366
1.24,39461369
1.23,39467372
1.251,39473375
1.276,39479378
1.266,39485381
1.291,39491384
1.262,39497444
1.288,39503456
1.227,39509459
1.175,39515462
1.233,39521466
1.238,39527468
1.257,39533471
1.222,39539473
1.271,39545533
1.245,39551546
1.277,39557549
1.255,39563552
1.262,39569555
1.22,39575558
1.245,39581561
1.272,39587563
1.255,39593623
1.249,39599636
1.322,39605639
1.26,39611643
1.248,39617646
1.221,39623648
1.259,39629651
1.244,39635654
1.222,39641713
1.227,39647726
1.249,39653730
1.228,39659732
1.222,39665736
1.217,39671739
1.26,39677742
1.237,39683744
1.25,39689803
1.234,39695816
1.256,39701820
1.262,39707823
1.218,39713826
1.222,39719829
1.266,39725832
1.243,39731835
1.214,39737894
1.25,39743906
1.25,39749909
1.223,39755912
1.262,39761915
1.247,39767919
1.225,39773922
1.223,39779924
1.269,39785983
1.278,39791996
1.274,39797999
1.271,39804003
1.242,39810006
1.227,39816009
1.247,39822012
1.234,39828015
1.257,39834074
1.218,39840086
1.213,39846089
1.209,39852093
1.253,39858096
1.266,39864098
1.223,39870101
1.211,39876104
1.263,39882163
1.223,39888176
1.233,39894179
1.222,39900183
1.226,39906186
1.284,39912189
1.222,39918192
1.265,39924195
1.24,39930257
1.266,39936264
1.233,39942267
1.209,39948270
1.187,39954273
1.218,39960277
1.2,39966280
1.272,39972282
1.271,39978284
1.256,39984293
1.234,39990296
1.269,39996299
1.275,40002303
1.228,40008306
1.218,40014309
1.222,40020311
1.227,40026314
1.217,40032323
1.17,40038326
1.271,40044329
1.204,40050332
1.248,40056335
1.268,40062338
1.232,40068341
1.248,40074343
1.223,40080353
1.206,40086356
1.236,40092360
1.221,40098363
1.241,40104366
1.222,40110368
1.233,40116371
1.25,40122373
1.224,40128383
1.208,40134386
1.223,40140389
1.2,40146393
1.222,40152396
1.222,40158398
1.189,40164401
1.231,40170403
1.228,40176404
1.233,40182415
1.21,40188419
1.213,40194422
1.193,40200425
1.245,40206428
1.229,40212431
1.222,40218433
1.229,40224434
1.191,40230445
1.214,40236449
1.211,40242452
1.242,40248455
1.259,40254458
1.233,40260461
1.196,40266464
1.23,40272465
1.226,40278475
1.211,40284479
1.224,40290483
1.211,40296486
1.222,40302489
1.254,40308492
1.233,40314495
1.223,40320496
1.207,40326505
1.205,40332508
1.208,40338511
1.2,40344515
1.224,40350517
1.245,40356520
1.222,40362522
1.227,40368582
1.213,40374596
1.262,40380599
1.251,40386603
1.221,40392606
1.209,40398609
1.189,40404611
1.198,40410613
1.223,40416614
1.27,40422626
1.207,40428629
1.197,40434632
1.217,40440635
1.221,40446638
1.251,40452641
1.233,40458643
1.195,40464644
1.206,40470655
1.207,40476659
1.246,40482662
1.224,40488665
1.228,40494668
1.202,40500671
1.225,40506673
1.183,40512733
1.21,40518746
1.218,40524749
1.214,40530752
1.234,40536756
1.222,40542758
1.222,40548761
1.209,40554762
1.195,40560763
1.262,40566775
1.208,40572779
1.196,40578781
1.195,40584785
1.203,40590788
1.228,40596791
1.199,40602793
1.231,40608853
1.191,40614866
1.192,40620869
1.233,40626873
1.195,40632876
1.178,40638878
1.222,40644881
1.163,40650883
1.208,40656943
1.197,40662956
1.175,40668959
1.217,40674963
1.217,40680966
1.177,40686969
1.184,40692972
1.234,40698975
1.228,40705034
1.195,40711046
1.22,40717049
1.22,40723053
1.182,40729056
1.216,40735058
1.181,40741061
1.179,40747063
1.219,40753123
1.276,40759136
1.211,40765140
1.238,40771144
1.209,40777147
1.201,40783149
1.195,40789152
1.165,40795154
1.208,40801214
1.199,40807226
1.196,40813229
1.202,40819233
1.207,40825236
1.18,40831239
1.234,40837242
1.221,40843245
1.18,40849305
1.214,40855317
1.19,40861320
1.219,40867323
1.216,40873326
1.182,40879329
1.219,40885332
1.223,40891335
1.222,40897394
1.191,40903395
1.202,40909398
1.222,40915402
1.207,40921405
1.249,40927408
1.209,40933411
1.18,40939413
1.138,40945473
1.188,40951486
1.174,40957490
1.189,40963493
1.168,40969496
1.213,40975498
1.236,40981501
1.193,40987504
1.17,40993564
1.211,40999576
1.2,41005579
1.208,41011582
1.199,41017585
1.18,41023588
1.191,41029591
1.202,41035593
1.184,41041653
1.224,41047666
1.177,41053669
1.221,41059672
1.245,41065675
1.17,41071678
1.218,41077681
1.222,41083684
1.169,41089744
1.138,41095756
1.196,41101759
1.195,41107763
1.184,41113765
1.211,41119768
1.229,41125771
1.208,41131774
1.193,41137833
1.171,41143846
1.204,41149849
1.217,41155853
1.17,41161855
1.207,41167858
1.158,41173861
1.183,41179864
1.192,41185923
1.164,41191936
1.194,41197939
1.206,41203943
1.223,41209945
1.18,41215948
1.161,41221951
1.168,41227954
1.176,41234016
1.239,41240024
1.193,41246027
1.168,41252030
1.218,41258033
1.157,41264036
1.163,41270038
1.17,41276041
1.212,41282043
1.17,41288053
1.168,41294056
1.187,41300059
1.211,41306063
1.128,41312066
1.195,41318069
1.253,41324071
1.184,41330073
1.193,41336083
1.22,41342086
1.168,41348089
1.163,41354093
1.143,41360096
1.239,41366099
1.164,41372102
1.2,41378105
1.175,41384165
1.18,41390176
1.172,41396179
1.174,41402183
1.146,41408186
1.195,41414189
1.182,41420191
1.176,41426195
1.165,41432255
1.183,41438266
1.174,41444269
1.222,41450273
1.206,41456276
1.177,41462279
1.201,41468281
1.187,41474283
1.18,41480284
1.177,41486296
1.18,41492299
1.144,41498303
1.195,41504306
1.183,41510308
1.191,41516311
1.204,41522314
1.18,41528374
1.166,41534386
1.177,41540389
1.181,41546392
1.197,41552396
1.195,41558398
1.14,41564401
1.153,41570404
1.222,41576463
1.168,41582476
1.186,41588480
1.163,41594483
1.189,41600486
1.158,41606489
1.17,41612492
1.185,41618494
1.186,41624554
1.171,41630566
1.15,41636570
1.154,41642574
1.187,41648576
1.144,41654579
1.172,41660582
1.169,41666584
1.14,41672644
1.169,41678656
1.169,41684660
1.156,41690663
1.169,41696666
1.156,41702668
1.182,41708672
1.16,41714674
1.168,41720733
1.158,41726746
1.172,41732748
1.172,41738752
1.141,41744756
1.141,41750758
1.153,41756761
1.135,41762764
1.17,41768824
1.153,41774836
1.196,41780839
1.207,41786843
1.16,41792847
1.145,41798850
1.179,41804853
1.221,41810856
1.191,41816915
1.153,41822926
1.179,41828929
1.164,41834933
1.169,41840936
1.145,41846939
1.179,41852941
1.162,41858944
1.152,41865003
1.172,41871016
1.18,41877020
1.158,41883023
1.141,41889027
1.196,41895030
1.144,41901033
1.152,41907036
1.133,41913098
1.163,41919103
1.168,41925106
1.14,41931110
1.15,41937113
1.158,41943117
1.122,41949119
1.18,41955122
1.174,41961124
1.154,41967133
1.145,41973136
1.163,41979139
1.177,41985142
1.165,41991145
1.18,41997148
1.163,42003151
1.188,42009153
1.185,42015213
1.155,42021226
1.137,42027229
1.149,42033233
1.172,42039236
1.126,42045238
1.145,42051241
1.149,42057243
1.142,42063303
1.174,42069316
1.157,42075320
1.14,42081323
1.168,42087326
1.164,42093329
1.141,42099331
1.141,42105333
1.141,42111393
1.162,42117406
1.173,42123409
1.141,42129412
1.169,42135415
1.142,42141418
1.156,42147421
1.143,42153424
1.154,42159484
1.177,42165496
1.144,42171500
1.165,42177503
1.114,42183506
1.131,42189508
1.155,42195511
1.158,42201513
1.116,42207573
1.12,42213586
1.157,42219589
1.154,42225593
1.138,42231596
1.153,42237599
1.088,42243602
1.114,42249604
1.129,42255663
1.141,42261676
1.174,42267680
1.167,42273683
1.187,42279686
1.119,42285688
1.131,42291692
1.16,42297694
1.168,42303754
1.139,42309766
1.137,42315769
1.186,42321773
1.108,42327777
1.157,42333780
1.153,42339782
1.145,42345785
1.16,42351844
1.163,42357856
1.174,42363859
0.959,42369863
1.133,42375866
1.145,42381869
1.143,42387872
1.127,42393875
1.131,42399934
1.136,42405946
1.153,42411949
1.136,42417952
1.143,42423956
1.131,42429959
1.114,42435962
1.137,42441964
1.129,42448024
1.115,42454076
1.162,42460079
1.145,42466083
1.169,42472086
1.13,42478089
1.164,42484092
1.139,42490094
1.11,42496154
1.141,42502166
1.149,42508169
1.112,42514173
1.146,42520176
1.138,42526179
1.141,42532182
1.128,42538186
1.127,42544245
1.156,42550256
1.149,42556259
1.114,42562263
1.196,42568266
1.124,42574269
1.086,42580272
1.158,42586275
1.114,42592336
1.145,42598344
1.126,42604347
1.12,42610350
1.153,42616354
1.138,42622357
1.141,42628359
1.147,42634361
1.14,42640364
1.114,42646373
1.119,42652376
1.131,42658379
1.112,42664383
1.129,42670386
1.142,42676389
1.088,42682392
1.154,42688394
1.141,42694403
1.144,42700406
1.129,42706409
1.119,42712412
1.113,42718415
1.14,42724418
1.099,42730421
1.114,42736423
1.116,42742433
1.145,42748436
1.114,42754439
1.111,42760443
1.158,42766446
1.138,42772449
1.126,42778451
1.122,42784453
1.174,42790463
1.157,42796466
1.081,42802469
1.12,42808473
1.164,42814476
1.098,42820479
1.079,42826482
1.142,42832483
1.14,42838493
1.167,42844496
1.131,42850499
1.147,42856503
1.131,42862506
1.114,42868509
1.122,42874511
1.153,42880513
1.141,42886523
1.126,42892526
1.11,42898529
1.108,42904533
1.096,42910536
1.114,42916539
1.087,42922542
1.086,42928544
1.132,42934553
1.113,42940556
1.192,42946559
1.125,42952563
1.141,42958566
1.114,42964568
1.119,42970571
1.148,42976573
1.119,42982583
1.11,42988586
1.114,42994589
1.125,43000593
1.11,43006596
1.126,43012599
1.096,43018602
1.118,43024604
1.132,43030613
1.128,43036616
1.143,43042619
1.123,43048623
1.139,43054626
1.06,43060628
1.127,43066631
1.152,43072633
1.111,43078643
1.088,43084646
1.131,43090649
1.098,43096652
1.115,43102656
1.136,43108659
1.115,43114661
1.099,43120663
1.139,43126673
1.115,43132676
1.072,43138679
1.104,43144682
1.114,43150686
1.112,43156689
1.112,43162692
1.106,43168694
1.14,43174703
1.074,43180706
1.132,43186709
1.104,43192712
1.086,43198715
1.133,43204718
1.099,43210720
1.115,43216723
1.116,43222733
1.114,43228736
1.086,43234739
1.084,43240742
1.106,43246746
1.089,43252749
1.101,43258751
1.105,43264753
1.087,43270763
1.115,43276766
1.058,43282769
1.123,43288772
1.106,43294776
1.114,43300779
1.075,43306782
1.093,43312784
1.087,43318793
1.11,43324796
1.091,43330799
1.099,43336802
1.084,43342806
1.114,43348808
1.1,43354811
1.13,43360814
1.13,43366874
1.082,43372886
1.117,43378889
1.113,43384893
1.118,43390896
1.114,43396899
1.093,43402901
1.101,43408904
1.127,43414964
1.073,43420976
1.115,43426979
1.084,43432982
1.14,43438986
1.115,43444989
1.108,43450992
1.109,43456994
1.087,43462995
1.108,43469005
1.088,43475008
1.101,43481012
1.114,43487015
1.102,43493018
1.074,43499021
1.06,43505023
1.096,43511083
1.093,43517096
1.087,43523099
1.084,43529103
1.084,43535106
1.088,43541109
1.096,43547111
1.068,43553114
1.098,43559173
1.101,43565186
1.099,43571190
1.104,43577193
1.111,43583196
1.127,43589198
1.096,43595202
1.096,43601204
1.115,43607263
1.091,43613276
1.086,43619280
1.158,43625283
1.088,43631286
1.103,43637289
1.128,43643292
1.111,43649296
1.105,43655355
1.073,43661366
1.086,43667370
1.114,43673373
1.092,43679377
1.1,43685380
1.078,43691383
1.072,43697385
1.057,43703444
1.099,43709456
1.066,43715460
1.062,43721463
1.069,43727467
1.092,43733470
1.071,43739473
1.088,43745476
1.082,43751535
1.087,43757546
1.077,43763550
1.114,43769553
1.075,43775556
1.071,43781559
1.108,43787562
1.083,43793564
1.099,43799623
1.098,43805636
1.083,43811639
1.089,43817643
1.093,43823647
1.02,43829649
1.077,43835652
1.087,43841655
1.055,43847714
1.116,43853726
1.119,43859729
1.091,43865733
1.068,43871736
1.093,43877739
1.073,43883742
1.093,43889744
1.075,43895806
1.104,43901814
1.081,43907817
1.094,43913820
1.061,43919824
1.085,43925827
1.092,43931830
1.083,43937833
1.084,43943835
1.087,43949843
1.064,43955846
1.085,43961849
1.126,43967853
1.061,43973856
1.102,43979858
1.069,43985861
1.072,43991863
1.063,43997915
1.081,44003918
1.099,44009921
1.084,44015925
1.093,44021927
1.1,44027930
1.06,44033934
1.079,44039944
1.06,44045945
1.092,44051948
1.1,44057952
1.058,44063955
1.028,44069958
1.06,44075961
1.098,44081964
1.095,44087966
1.085,44093973
1.091,44099976
1.086,44105980
1.073,44111983
1.1,44117987
1.052,44123989
1.099,44129992
1.088,44135994
1.101,44142003
1.05,44148006
1.078,44154010
1.085,44160013
1.079,44166017
1.057,44172019
1.061,44178022
1.088,44184024
1.069,44190033
1.076,44196036
1.061,44202039
1.078,44208042
1.071,44214045
1.071,44220048
1.087,44226050
1.075,44232053
1.025,44238063
1.064,44244066
1.077,44250069
1.048,44256073
1.025,44262076
1.082,44268078
1.06,44274081
1.06,44280084
1.087,44286093
1.093,44292096
1.101,44298100
1.082,44304103
1.062,44310106
1.074,44316109
1.049,44322111
1.048,44328113
1.005,44334123
1.074,44340126
1.058,44346129
1.071,44352133
1.056,44358136
1.055,44364138
1.077,44370141
1.041,44376143
1.082,44382153
1.045,44388156
1.06,44394159
1.067,44400162
1.05,44406165
1.037,44412168
1.049,44418170
1.058,44424172
1.077,44430183
1.042,44436186
1.038,44442189
1.088,44448193
1.064,44454196
1.096,44460198
1.055,44466201
1.073,44472203
1.034,44478213
1.033,44484216
1.06,44490219
1.028,44496223
1.049,44502226
1.068,44508229
1.052,44514232
1.069,44520234
1.046,44526243
1.044,44532246
1.097,44538249
1.066,44544253
1.062,44550256
1.09,44556259
1.068,44562261
1.066,44568264
1.047,44574273
1.102,44580276
1.049,44586279
1.042,44592283
1.047,44598286
1.052,44604288
1.033,44610291
1.007,44616293
1.062,44622303
1.049,44628306
1.061,44634309
1.072,44640313
1.046,44646316
1.056,44652319
1.018,44658321
1.033,44664323
1.046,44670333
1.061,44676336
1.064,44682339
1.046,44688343
1.013,44694346
1.06,44700348
1.037,44706351
1.076,44712352
1.06,44718363
1.03,44724365
1.044,44730369
1.055,44736372
1.046,44742376
1.032,44748378
0.9969999,44754382
1.033,44760383
1.075,44766393
1.054,44772396
1.041,44778399
1.056,44784403
1.066,44790406
1.096,44796408
1.074,44802411
1.069,44808413
1.033,44814423
1.052,44820426
1.052,44826429
1.033,44832433
1.038,44838436
1.042,44844438
1.018,44850441
1.052,44856443
1.075,44862453
1.05,44868456
1.024,44874459
1.033,44880461
1.023,44886464
1.027,44892467
1.046,44898470
1.042,44904472
1.069,44910483
0.9969999,44916486
1.014,44922489
1.06,44928493
1.021,44934496
1.022,44940499
1.031,44946501
1.061,44952504
1.016,44958513
1.022,44964516
1.039,44970519
1.03,44976523
1.051,44982526
1.066,44988528
1.087,44994531
1.072,45000534
1.043,45006543
1.041,45012546
1.062,45018549
1.006,45024553
1.045,45030556
1.071,45036558
1.054,45042561
1.046,45048564
0.9969999,45054572
1.017,45060575
1.05,45066579
1.034,45072581
1.034,45078585
1.046,45084588
1.01,45090591
1.036,45096593
1.046,45102603
1.039,45108606
1.046,45114610
1.038,45120613
1.033,45126616
1.007,45132618
1.027,45138621
1.05,45144624
1.033,45150633
1.037,45156636
1.007,45162639
1.025,45168643
1.044,45174646
1.011,45180648
1.051,45186651
1.075,45192653
1.015,45198663
1.023,45204666
1.018,45210669
1.038,45216673
1.041,45222676
1.018,45228678
1.018,45234681
1.018,45240684
1.017,45246693
1.037,45252696
1.006,45258699
1.02,45264703
1.042,45270706
1.032,45276709
1.013,45282711
1.008,45288713
1.033,45294723
1.012,45300726
1.044,45306729
1.037,45312732
1.037,45318736
1.025,45324738
1.001,45330741
1.014,45336743
1.061,45342753
0.985,45348756
0.9440001,45354759
1.004,45360763
1.045,45366766
1.008,45372768
1.018,45378771
1.034,45384773
1.025,45390783
1.037,45396785
1.047,45402789
0.987,45408792
1.009,45414795
1.029,45420798
1.025,45426800
1.007,45432803
1.028,45438813
1.014,45444816
1.072,45450819
0.971,45456823
1.0,45462826
1.003,45468829
0.98,45474832
1.017,45480835
1.038,45486843
1.018,45492846
1.021,45498849
1.007,45504853
1.039,45510856
1.007,45516859
1.006,45522861
1.012,45528863
1.046,45534917
1.039,45540920
1.046,45546923
1.007,45552927
1.007,45558930
1.034,45564933
1.044,45570935
1.018,45576937
0.979,45582943
1.019,45588946
1.014,45594949
1.033,45600952
1.032,45606956
1.05,45612959
1.018,45618961
1.019,45624964
0.996,45630973
0.985,45636976
0.979,45642979
1.012,45648982
0.991,45654985
1.059,45660988
0.98,45666990
1.032,45672992
0.999,45679003
0.998,45685006
1.033,45691009
1.049,45697013
1.006,45703016
0.986,45709019
0.974,45715021
1.035,45721023
1.034,45727033
1.02,45733036
1.033,45739039
1.019,45745043
1.011,45751046
1.007,45757048
0.991,45763051
0.948,45769054
1.03,45775063
1.012,45781066
1.019,45787069
0.991,45793073
0.987,45799076
1.02,45805078
0.978,45811081
1.015,45817083
0.9969999,45823093
1.033,45829096
0.974,45835099
1.007,45841103
0.979,45847106
1.038,45853108
1.006,45859111
1.021,45865113
0.975,45871123
0.952,45877126
0.99,45883129
1.018,45889132
1.004,45895136
0.98,45901138
0.969,45907141
1.003,45913143
1.008,45919153
0.98,45925156
0.998,45931159
1.001,45937162
1.001,45943165
1.005,45949168
0.986,45955171
0.979,45961173
1.025,45967183
0.9610001,45973186
0.991,45979189
1.001,45985193
0.975,45991196
0.983,45997198
0.991,46003201
1.001,46009203
0.983,46015213
0.979,46021216
1.02,46027219
1.003,46033223
0.974,46039226
0.937,46045228
0.983,46051231
1.007,46057233
0.9639999,46063243
1.018,46069246
0.98,46075250
0.978,46081253
1.007,46087256
0.953,46093258
0.974,46099261
1.003,46105263
0.9599999,46111273
0.99,46117276
1.034,46123279
0.974,46129283
0.988,46135286
1.006,46141289
0.978,46147291
0.986,46153304
1.001,46159364
0.976,46165368
0.948,46171371
0.98,46177374
1.005,46183377
1.002,46189380
0.977,46195383
0.974,46201395
1.001,46207396
0.991,46213398
1.01,46219402
0.925,46225405
0.958,46231408
1.012,46237411
0.978,46243414
1.003,46249416
0.987,46255423
0.974,46261426
0.969,46267429
1.004,46273432
1.031,46279436
0.953,46285438
0.968,46291441
0.976,46297443
0.981,46303453
1.006,46309456
1.001,46315459
0.98,46321463
0.965,46327466
1.005,46333468
0.949,46339471
0.971,46345476
1.006,46351483
0.977,46357486
0.984,46363488
0.982,46369492
0.983,46375495
0.973,46381497
0.98,46387501
0.97,46393503
0.998,46399513
0.991,46405516
0.968,46411519
0.965,46417523
1.031,46423526
0.9969999,46429528
0.979,46435531
0.98,46441545
0.979,46447605
0.98,46453608
0.986,46459612
0.953,46465616
0.982,46471619
0.952,46477622
0.9440001,46483624
0.969,46489634
0.974,46495635
0.882,46501638
0.958,46507641
0.963,46513645
0.974,46519648
0.989,46525650
0.974,46531654
0.951,46537665
0.95,46543724
0.9559999,46549728
0.958,46555731
0.977,46561735
1.004,46567738
0.978,46573741
1.006,46579744
0.954,46585755
0.934,46591814
0.979,46597818
0.937,46603821
0.981,46609824
0.968,46615827
0.9309999,46621830
0.9599999,46627833
0.966,46633845
0.979,46639904
1.007,46645908
0.952,46651911
0.951,46657914
0.9559999,46663918
0.923,46669920
0.962,46675925
0.979,46681927
0.988,46687987
0.9639999,46693990
0.9639999,46699994
0.887,46705997
0.949,46712000
0.952,46718002
0.98,46724015
0.982,46730018
0.965,46736077
0.9,46742082
0.952,46748085
0.968,46754089
0.9969999,46760092
0.951,46766095
0.9440001,46772106
0.955,46778108
0.9559999,46784167
0.926,46790171
0.9150001,46796174
0.974,46802177
0.965,46808180
0.952,46814185
0.968,46820188
0.9599999,46826191
0.952,46832250
0.939,46838253
0.965,46844257
0.9969999,46850260
0.943,46856263
0.9639999,46862275
0.949,46868278
0.937,46874281
0.949,46880343
0.959,46886344
0.9110001,46892347
0.953,46898350
0.927,46904355
0.98,46910359
0.957,46916361
1.004,46922364
0.9150001,46928366
0.966,46934367
0.98,46940370
0.966,46946373
0.945,46952386
0.941,46958389
0.938,46964391
0.979,46970394
0.952,46976395
0.955,46982455
0.954,46988459
0.979,46994463
0.958,47000475
0.932,47006479
0.9610001,47012481
0.93,47018484
0.93,47024486
0.9,47030546
0.937,47036550
0.953,47042553
0.949,47048611
0.927,47054615
0.937,47060618
0.971,47066620
0.952,47072623
0.949,47078683
0.927,47084686
0.949,47090696
0.9440001,47096699
0.92,47102702
0.952,47108706
0.976,47114708
0.981,47120710
0.982,47126770
0.926,47132774
0.934,47138785
0.949,47144788
0.9559999,47150791
0.952,47156794
0.938,47162797
0.943,47168799
0.954,47174858
0.952,47180863
0.947,47186876
0.926,47192879
0.93,47198882
0.971,47204885
0.917,47210888
0.933,47216890
0.907,47222891
0.93,47228894
0.947,47234905
0.916,47240909
0.957,47246912
0.946,47252915
0.932,47258918
0.938,47264920
0.969,47270921
0.93,47276924
0.945,47282936
0.978,47288939
0.968,47294942
0.952,47300944
0.943,47306947
0.952,47312949
0.933,47319009
0.951,47325013
0.922,47331025
0.9309999,47337029
0.899,47343032
0.927,47349035
0.95,47355038
0.941,47361040
0.926,47367100
0.958,47373104
0.938,47379115
0.925,47385119
0.942,47391122
0.922,47397125
0.9309999,47403127
0.908,47409130
0.938,47415131
0.937,47421134
0.937,47427145
0.926,47433148
0.907,47439152
0.937,47445155
0.885,47451158
0.939,47457160
0.945,47463220
0.982,47469224
0.917,47475235
0.933,47481239
0.916,47487242
0.895,47493245
0.958,47499248
0.922,47505251
0.895,47511310
0.879,47517314
0.936,47523326
0.977,47529329
0.922,47535332
0.927,47541336
0.937,47547338
0.959,47553341
0.913,47559401
0.933,47565405
0.896,47571415
0.8719999,47577419
0.907,47583422
0.9309999,47589425
0.9049999,47595427
0.919,47601430
0.946,47607490
0.939,47613496
0.92,47619500
0.942,47625503
0.913,47631506
0.925,47637509
0.927,47643512
0.9309999,47649515
0.925,47655576
0.971,47661584
0.925,47667587
0.938,47673590
0.926,47679593
0.963,47685597
0.934,47691600
0.975,47697602
0.936,47703606
0.906,47709613
0.921,47715616
0.927,47721619
0.904,47727623
0.916,47733626
0.946,47739629
0.9559999,47745632
0.913,47751635
0.937,47757643
0.907,47763646
0.9440001,47769650
0.932,47775653
0.942,47781657
0.947,47787659
0.9440001,47793662
0.898,47799674
0.937,47805675
0.909,47811677
0.93,47817680
0.913,47823684
0.9139999,47829687
0.904,47835690
0.92,47841693
0.95,47847705
0.894,47853765
0.897,47859769
0.892,47865773
0.899,47871776
0.917,47877779
0.898,47883781
0.893,47889784
0.95,47895795
0.952,47901855
0.9110001,47907858
0.917,47913862
0.929,47919865
0.886,47925868
0.925,47931871
0.912,47937873
0.939,47943886
0.917,47949945
0.9049999,47955948
0.909,47961952
0.934,47967955
0.9,47973958
0.883,47979961
0.919,47985965
0.909,47991974
0.901,47998034
0.9110001,48004038
0.926,48010042
0.936,48016045
0.926,48022048
0.898,48028051
0.845,48034056
0.882,48040057
0.887,48046117
0.884,48052120
0.9309999,48058124
0.91,48064127
0.917,48070130
0.92,48076133
0.917,48082146
0.925,48088148
0.879,48094208
0.919,48100212
0.894,48106215
0.906,48112218
0.883,48118222
0.882,48124225
0.912,48130235
0.925,48136237
0.899,48142297
0.886,48148301
0.876,48154304
0.907,48160307
0.883,48166310
0.873,48172313
0.916,48178325
0.904,48184327
0.898,48190387
0.888,48196390
0.889,48202394
0.899,48208397
0.91,48214400
0.88,48220403
0.887,48226416
0.87,48232418
0.899,48238477
0.909,48244482
0.903,48250485
0.909,48256488
0.89,48262491
0.898,48268495
0.953,48274498
0.912,48280505
0.922,48286564
0.875,48292568
0.922,48298572
0.8809999,48304574
0.893,48310578
0.887,48316581
0.87,48322585
0.895,48328588
0.843,48334647
0.89,48340650
0.882,48346654
0.9150001,48352657
0.912,48358660
0.9,48364664
0.846,48370675
0.9,48376678
0.877,48382737
0.87,48388743
0.904,48394746
0.893,48400750
0.898,48406753
0.909,48412757
0.87,48418759
0.895,48424765
0.888,48430827
0.9139999,48436828
0.871,48442831
0.897,48448834
0.888,48454838
0.844,48460840
0.858,48466845
0.904,48472848
0.893,48478850
0.866,48484910
0.8719999,48490913
0.8360001,48496916
0.871,48502919
0.886,48508922
0.863,48514935
0.844,48520938
0.882,48526940
0.86,48532941
0.861,48538944
0.863,48544947
0.893,48550950
0.898,48556953
0.88,48562967
0.879,48568971
0.888,48575033
0.871,48581093
0.898,48587096
0.892,48593099
0.887,48599103
0.91,48605107
0.8690001,48611115
0.853,48617118
0.871,48623120
0.844,48629121
0.885,48635123
0.877,48641127
0.854,48647130
0.874,48653133
0.856,48659145
0.8349999,48665147
0.8679999,48671149
0.833,48677150
0.8780001,48683153
0.848,48689156
0.882,48695159
0.859,48701166
0.8719999,48707168
0.899,48713171
0.877,48719173
0.876,48725233
0.877,48731237
0.862,48737240
0.855,48743244
0.8679999,48749255
0.884,48755258
0.897,48761261
0.877,48767263
0.865,48773323
0.845,48779327
0.89,48785330
0.8809999,48791335
0.873,48797339
0.856,48803341
0.883,48809345
0.853,48815347
0.895,48821407
0.889,48827410
0.88,48833413
0.885,48839425
0.877,48845428
0.867,48851431
0.885,48857435
0.862,48863436
0.893,48869496
0.844,48875500
0.857,48881503
0.849,48887516
0.874,48893519
0.883,48899521
0.866,48905524
0.888,48911526
0.845,48917586
0.833,48923590
0.882,48929593
0.85,48935605
0.8389999,48941608
0.882,48947611
0.8360001,48953614
0.844,48959616
0.844,48965676
0.841,48971680
0.871,48977683
0.853,48983696
0.886,48989698
0.858,48995701
0.87,49001704
0.8389999,49007707
0.876,49013766
0.886,49019770
0.84,49025773
0.877,49031785
0.88,49037789
0.884,49043792
0.857,49049795
0.877,49055797
0.842,49061856
0.902,49067860
0.85,49073863
0.848,49079875
0.867,49085878
0.85,49091881
0.846,49097884
0.898,49103886
0.871,49109946
0.827,49115949
0.871,49121953
0.854,49127966
0.851,49133969
0.859,49139972
0.846,49145975
0.855,49151977
0.862,49158036
0.828,49164040
0.866,49170043
0.817,49176055
0.896,49182059
0.846,49188062
0.8679999,49194066
0.893,49200069
0.845,49206128
0.808,49212132
0.873,49218135
0.844,49224146
0.865,49230149
0.873,49236151
0.849,49242154
0.871,49248157
0.876,49254218
0.873,49260220
0.8309999,49266223
0.871,49272235
0.845,49278238
0.857,49284242
0.838,49290245
0.85,49296248
0.859,49302249
0.845,49308250
0.855,49314255
0.863,49320259
0.823,49326262
0.8360001,49332265
0.844,49338268
0.844,49344270
0.888,49350273
0.844,49356333
0.883,49362346
0.832,49368349
0.876,49374353
0.8389999,49380356
0.828,49386359
0.85,49392362
0.849,49398364
0.87,49404424
0.8059999,49410436
0.858,49416439
0.844,49422443
0.848,49428447
0.863,49434449
0.879,49440452
0.834,49446455
0.8389999,49452515
0.856,49458526
0.846,49464529
0.829,49470533
0.8349999,49476536
0.8309999,49482539
0.801,49488542
0.845,49494544
0.842,49500552
0.826,49506555
0.8679999,49512558
0.823,49518561
0.852,49524565
0.8360001,49530568
0.845,49536571
0.821,49542576
0.823,49548635
0.813,49554639
0.83,49560643
0.851,49566646
0.801,49572649
0.854,49578652
0.844,49584655
0.865,49590657
0.823,49596663
0.825,49602666
0.776,49608668
0.841,49614672
0.853,49620675
0.833,49626678
0.8190001,49632680
0.827,49638686
0.811,49644745
0.795,49650748
0.8309999,49656752
0.846,49662755
0.826,49668758
0.8309999,49674761
0.848,49680764
0.8059999,49686775
0.814,49692834
0.83,49698838
0.83,49704841
0.834,49710844
0.851,49716848
0.853,49722851
0.83,49728854
0.814,49734865
0.834,49740925
0.84,49746928
0.799,49752932
0.794,49758935
0.818,49764938
0.815,49770941
0.817,49776944
0.834,49782955
0.826,49789014
0.843,49795018
0.832,49801022
0.843,49807025
0.846,49813028
0.807,49819031
0.817,49825034
0.799,49831045
0.822,49837104
0.8059999,49843108
0.85,49849111
0.844,49855114
0.821,49861118
0.816,49867121
0.844,49873124
0.8389999,49879135
0.83,49885194
0.8059999,49891197
0.802,49897200
0.755,49903204
0.823,49909207
0.817,49915210
0.846,49921216
0.817,49927219
0.8059999,49933278
0.79,49939283
0.823,49945286
0.844,49951289
0.85,49957293
0.823,49963296
0.826,49969305
0.858,49975308
0.817,49981309
0.817,49987310
0.83,49993314
0.843,49999317
0.804,50005320
0.825,50011323
0.826,50017336
0.812,50023338
0.852,50029340
0.812,50035341
0.842,50041344
0.841,50047347
0.745,50053350
0.812,50059353
0.816,50065372
0.79,50071377
0.817,50077439
0.817,50083440
0.814,50089443
0.801,50095446
0.833,50101449
0.823,50107456
0.825,50113458
0.78,50119461
0.807,50125462
0.801,50131463
0.771,50137466
0.809,50143469
0.802,50149472
0.816,50155485
0.776,50161488
0.77,50167490
0.804,50173492
0.812,50179493
0.795,50185496
0.796,50191500
0.829,50197503
0.814,50203516
0.823,50209519
0.832,50215521
0.796,50221523
0.84,50227524
0.82,50233527
0.812,50239530
0.776,50245533
0.811,50251546
0.799,50257548
0.78,50263551
0.8059999,50269553
0.826,50275554
0.801,50281557
0.823,50287561
0.8309999,50293564
0.763,50299575
0.808,50305578
0.812,50311581
0.8059999,50317583
0.796,50323584
0.802,50329587
0.8360001,50335590
0.814,50341595
0.8190001,50347598
0.812,50353601
0.814,50359604
0.798,50365606
0.822,50371666
0.799,50377669
0.817,50383672
0.779,50389686
0.775,50395689
0.787,50401691
0.776,50407694
0.76,50413696
0.769,50419756
0.782,50425760
0.795,50431764
0.801,50437775
0.774,50443779
0.79,50449781
0.805,50455786
0.777,50461788
0.79,50467847
0.79,50473852
0.8,50479854
0.79,50485865
0.823,50491868
0.781,50497871
0.74,50503874
0.812,50509876
0.798,50515936
0.79,50521939
0.784,50527943
0.826,50533955
0.803,50539958
0.758,50545961
0.802,50551964
0.772,50557966
0.758,50564026
0.807,50570030
0.828,50576033
0.763,50582046
0.785,50588049
0.803,50594052
0.803,50600055
0.812,50606058
0.796,50612117
0.801,50618122
0.772,50624124
0.784,50630135
0.828,50636138
0.815,50642141
0.777,50648144
0.783,50654147
0.778,50660206
0.808,50666210
0.808,50672214
0.782,50678226
0.779,50684229
0.812,50690231
0.788,50696234
0.804,50702237
0.801,50708296
0.788,50714300
0.799,50720303
0.794,50726315
0.782,50732319
0.751,50738322
0.767,50744325
0.823,50750328
0.8059999,50756387
0.79,50762390
0.802,50768394
0.765,50774406
0.769,50780409
0.796,50786413
0.775,50792416
0.774,50798418
0.794,50804477
0.78,50810483
0.774,50816486
0.82,50822496
0.809,50828499
0.794,50834502
0.805,50840504
0.794,50846507
0.803,50852566
0.79,50858570
0.765,50864573
0.818,50870586
0.801,50876589
0.79,50882593
0.77,50888595
0.776,50894598
0.774,50900659
0.77,50906663
0.781,50912666
0.791,50918676
0.765,50924679
0.774,50930682
0.76,50936685
0.779,50942688
0.794,50948690
0.795,50954693
0.753,50960696
0.778,50966699
0.763,50972705
0.767,50978708
0.777,50984711
0.778,50990714
0.762,50996716
0.763,51002717
0.769,51008719
0.78,51014723
0.76,51020735
0.772,51026738
0.802,51032741
0.776,51038744
0.742,51044746
0.736,51050806
0.776,51056810
0.813,51062813
0.752,51068825
0.79,51074828
0.79,51080831
0.775,51086834
0.774,51092836
0.745,51098896
0.763,51104900
0.759,51110903
0.794,51116915
0.77,51122918
0.799,51128921
0.78,51134924
0.748,51140926
0.763,51146986
0.798,51152990
0.804,51158993
0.778,51165006
0.778,51171009
0.763,51177012
0.769,51183015
0.796,51189017
0.774,51195077
0.778,51201080
0.763,51207084
0.776,51213096
0.785,51219100
0.757,51225102
0.76,51231106
0.789,51237107
0.785,51243167
0.802,51249171
0.747,51255174
0.791,51261185
0.738,51267188
0.754,51273191
0.783,51279194
0.781,51285196
0.769,51291256
0.801,51297259
0.766,51303263
0.758,51309275
0.753,51315278
0.731,51321281
0.775,51327284
0.768,51333286
0.755,51339346
0.776,51345350
0.799,51351353
0.742,51357366
0.736,51363369
0.754,51369372
0.747,51375375
0.755,51381377
0.75,51387437
0.763,51393440
0.742,51399443
0.755,51405455
0.775,51411459
0.792,51417462
0.774,51423465
0.747,51429467
0.765,51435527
0.747,51441530
0.748,51447534
0.762,51453545
0.773,51459548
0.753,51465550
0.766,51471554
0.762,51477556
0.77,51483616
0.758,51489619
0.786,51495622
0.751,51501635
0.747,51507639
0.763,51513641
0.755,51519644
0.775,51525647
0.763,51531707
0.758,51537710
0.776,51543714
0.734,51549726
0.733,51555729
0.722,51561732
0.755,51567735
0.737,51573737
0.753,51579797
0.741,51585801
0.744,51591804
0.775,51597814
0.763,51603817
0.757,51609820
0.766,51615823
0.755,51621826
0.763,51627885
0.737,51633889
0.762,51639893
0.75,51645906
0.752,51651909
0.763,51657912
0.777,51663915
0.736,51669918
0.743,51675977
0.762,51681980
0.749,51687983
0.784,51693996
0.736,51699999
0.758,51706002
0.754,51712005
0.733,51718007
0.733,51724069
0.722,51730070
0.75,51736073
0.728,51742086
0.773,51748089
0.742,51754092
0.752,51760095
0.738,51766098
0.682,51772100
0.762,51778101
0.736,51784104
0.763,51790116
0.741,51796119
0.733,51802122
0.744,51808125
0.736,51814127
0.735,51820129
0.736,51826130
0.737,51832133
0.769,51838146
0.72,51844149
0.755,51850152
0.761,51856155
0.733,51862158
0.736,51868159
0.765,51874160
0.758,51880163
0.747,51886176
0.76,51892179
0.723,51898182
0.772,51904185
0.776,51910188
0.727,51916190
0.736,51922191
0.751,51928194
0.725,51934206
0.728,51940209
0.74,51946212
0.722,51952215
0.724,51958217
0.765,51964219
0.741,51970220
0.714,51976223
0.731,51982236
0.759,51988239
0.761,51994242
0.749,52000246
0.757,52006248
0.726,52012250
0.738,52018310
0.778,52024314
0.758,52030326
0.763,52036328
0.721,52042331
0.738,52048334
0.711,52054337
0.738,52060339
0.752,52066399
0.739,52072403
0.794,52078415
0.747,52084419
0.749,52090422
0.725,52096425
0.729,52102427
0.715,52108429
0.736,52114489
0.726,52120493
0.745,52126506
0.736,52132509
0.735,52138512
0.736,52144515
0.76,52150518
0.72,52156520
0.736,52162523
0.725,52168527
0.758,52174536
0.736,52180539
0.733,52186543
0.75,52192545
0.736,52198548
0.715,52204550
0.736,52210551
0.742,52216554
0.738,52222566
0.725,52228569
0.721,52234572
0.752,52240575
0.756,52246578
0.709,52252580
0.709,52258640
0.736,52264644
0.764,52270655
0.776,52276658
0.738,52282662
0.751,52288665
0.768,52294668
0.718,52300670
0.731,52306730
0.736,52312734
0.737,52318745
0.733,52324748
0.74,52330752
0.736,52336755
0.736,52342757
0.738,52348759
0.74,52354819
0.741,52360823
0.709,52366836
0.734,52372839
0.773,52378843
0.735,52384846
0.725,52390849
0.725,52396851
0.728,52402911
0.736,52408914
0.742,52414926
0.774,52420929
0.699,52426932
0.688,52432935
0.71,52438938
0.716,52444940
0.739,52450941
0.736,52456944
0.719,52462947
0.72,52468956
0.73,52474959
0.728,52480962
0.72,52486965
0.719,52492968
0.707,52499027
0.731,52505030
0.725,52511034
0.744,52517046
0.686,52523049
0.741,52529051
0.732,52535055
0.74,52541057
0.716,52547116
0.698,52553120
0.724,52559123
0.703,52565136
0.749,52571139
0.732,52577142
0.721,52583145
0.735,52589148
0.73,52595207
0.72,52601211
0.7059999,52607214
0.732,52613226
0.722,52619229
0.693,52625232
0.718,52631236
0.709,52637238
0.704,52643298
0.726,52649303
0.758,52655306
0.717,52661316
0.717,52667320
0.72,52673322
0.666,52679325
0.726,52685328
0.712,52691387
0.73,52697392
0.714,52703395
0.728,52709406
0.716,52715409
0.744,52721412
0.709,52727415
0.71,52733418
0.72,52739420
0.735,52745480
0.699,52751484
0.725,52757496
0.709,52763499
0.7,52769503
0.735,52775506
0.736,52781509
0.716,52787510
0.709,52793511
0.731,52799514
0.698,52805526
0.701,52811529
0.736,52817532
0.742,52823535
0.705,52829537
0.703,52835539
0.592,52841599
0.699,52847603
0.691,52853616
0.732,52859619
0.736,52865622
0.699,52871625
0.713,52877627
0.752,52883629
0.709,52889689
0.695,52895693
0.709,52901706
0.696,52907709
0.709,52913712
0.722,52919715
0.714,52925718
0.709,52931719
0.709,52937720
0.736,52943723
0.7059999,52949735
0.709,52955739
0.72,52961742
0.709,52967745
0.752,52973748
0.722,52979750
0.709,52985751
0.726,52991754
0.665,52997765
0.72,53003769
0.713,53009772
0.709,53015776
0.753,53021779
0.721,53027781
0.72,53033841
0.719,53039845
0.718,53045856
0.731,53051859
0.697,53057863
0.709,53063865
0.698,53069869
0.684,53075871
0.709,53081931
0.7059999,53087934
0.7,53093945
0.71,53099949
0.71,53105952
0.724,53111955
0.693,53117958
0.707,53123960
0.671,53130020
0.703,53136024
0.699,53142030
0.686,53148034
0.709,53154037
0.722,53160040
0.697,53166043
0.714,53172046
0.707,53178105
0.688,53184116
0.708,53190119
0.716,53196123
0.713,53202126
0.712,53208128
0.704,53214131
0.696,53220134
0.698,53226193
0.682,53232206
0.693,53238209
0.728,53244213
0.69,53250216
0.717,53256219
0.696,53262222
0.682,53268225
0.709,53274284
0.685,53280288
0.707,53286295
0.685,53292299
0.7,53298302
0.682,53304306
0.701,53310309
0.736,53316311
0.697,53322371
0.688,53328374
0.694,53334386
0.691,53340390
0.709,53346393
0.724,53352396
0.696,53358399
0.689,53364402
0.728,53370464
0.711,53376465
0.684,53382475
0.742,53388478
0.679,53394481
0.682,53400484
0.685,53406487
0.72,53412490
0.684,53418492
0.682,53424493
0.709,53430506
0.668,53436509
0.696,53442512
0.722,53448515
0.682,53454518
0.667,53460521
0.668,53466523
0.669,53472524
0.698,53478536
0.681,53484539
0.681,53490542
0.707,53496545
0.684,53502548
0.699,53508550
0.684,53514552
0.684,53520553
0.693,53526566
0.713,53532569
0.695,53538572
0.671,53544575
0.686,53550578
0.677,53556580
0.655,53562582
0.677,53568642
0.708,53574656
0.687,53580659
0.679,53586663
0.688,53592666
0.699,53598669
0.684,53604671
0.691,53610673
0.699,53616733
0.693,53622746
0.682,53628749
0.704,53634753
0.668,53640756
0.675,53646758
0.701,53652761
0.686,53658763
0.657,53664823
0.671,53670836
0.677,53676839
0.687,53682843
0.65,53688846
0.684,53694849
0.697,53700851
0.667,53706854
0.672,53712914
0.679,53718926
0.681,53724929
0.664,53730933
0.691,53736937
0.668,53742939
0.717,53748943
0.682,53754945
0.657,53761005
0.68,53767016
0.685,53773019
0.661,53779022
0.707,53785026
0.679,53791028
0.697,53797031
0.71,53803034
0.703,53809094
0.684,53815106
0.68,53821109
0.682,53827112
0.674,53833115
0.689,53839118
0.683,53845121
0.674,53851124
0.669,53857184
0.682,53863196
0.679,53869200
0.653,53875203
0.682,53881206
0.7059999,53887209
0.699,53893212
0.67,53899215
0.655,53905274
0.677,53911286
0.656,53917289
0.684,53923292
0.682,53929295
0.69,53935298
0.666,53941301
0.652,53947304
0.668,53953363
0.689,53959376
0.693,53965379
0.682,53971382
0.657,53977385
0.661,53983388
0.67,53989391
0.668,53995394
0.672,54001453
0.68,54007466
0.682,54013470
0.682,54019473
0.628,54025476
0.663,54031479
0.669,54037482
0.666,54043485
0.668,54049544
0.682,54055556
0.668,54061559
0.736,54067563
0.66,54073566
0.667,54079569
0.679,54085571
0.666,54091575
0.687,54097636
0.674,54103643
0.687,54109646
0.671,54115650
0.681,54121653
0.673,54127656
0.666,54133659
0.667,54139662
0.667,54145666
0.682,54151673
0.671,54157676
0.64,54163679
0.655,54169683
0.665,54175685
0.66,54181688
0.657,54187690
0.638,54193693
0.678,54199703
0.668,54205706
0.659,54211709
0.68,54217713
0.687,54223716
0.667,54229718
0.639,54235721
0.669,54241723
0.684,54247733
0.666,54253736
0.67,54259739
0.669,54265742
0.655,54271745
0.652,54277748
0.646,54283751
0.654,54289753
0.655,54295763
0.669,54301766
0.653,54307770
0.651,54313773
0.672,54319776
0.662,54325779
0.682,54331781
0.655,54337783
0.7,54343793
0.676,54349796
0.665,54355799
0.668,54361802
0.668,54367805
0.652,54373808
0.697,54379810
0.676,54385814
0.682,54391823
0.648,54397827
0.639,54403830
0.656,54409833
0.69,54415836
0.645,54421839
0.653,54427841
0.653,54433843
0.658,54439853
0.663,54445856
0.669,54451859
0.631,54457863
0.668,54463865
0.667,54469868
0.664,54475871
0.643,54481873
0.659,54487883
0.67,54493886
0.664,54499889
0.642,54505893
0.67,54511896
0.669,54517898
0.642,54523901
0.666,54529903
0.665,54535963
0.671,54541976
0.662,54547979
0.655,54553983
0.64,54559985
0.63,54565988
0.691,54571991
0.679,54577993
0.661,54584053
0.698,54590066
0.653,54596069
0.655,54602072
0.644,54608075
0.818,54614078
0.665,54620080
0.67,54626082
0.673,54632142
0.618,54638156
0.66,54644159
0.668,54650163
0.669,54656166
0.654,54662169
0.637,54668171
0.655,54674174
0.666,54680234
0.628,54686281
0.642,54692284
0.68,54698287
0.679,54704290
0.644,54710293
0.646,54716297
0.66,54722298
0.704,54728358
0.638,54734366
0.655,54740369
0.671,54746372
0.656,54752375
0.644,54758378
0.645,54764381
0.644,54770383
0.666,54776443
0.639,54782456
0.65,54788460
0.657,54794463
0.653,54800466
0.655,54806469
0.614,54812472
0.662,54818474
0.65,54824534
0.632,54830546
0.655,54836549
0.682,54842552
0.628,54848556
0.636,54854558
0.646,54860561
0.655,54866563
0.625,54872623
0.633,54878636
0.663,54884639
0.64,54890642
0.642,54896645
0.634,54902648
0.655,54908651
0.647,54914655
0.65,54920714
0.628,54926726
0.666,54932730
0.635,54938733
0.628,54944736
0.666,54950738
0.65,54956741
0.598,54962744
0.641,54968803
0.645,54974816
0.628,54980820
0.645,54986823
0.671,54992826
0.634,54998829
0.652,55004832
0.649,55010834
0.628,55016893
0.655,55022906
0.614,55028909
0.63,55034912
0.623,55040915
0.667,55046918
0.645,55052921
0.628,55058924
0.627,55064983
0.63,55070996
0.628,55076999
0.654,55083003
0.639,55089006
0.653,55095009
0.655,55101012
0.655,55107014
0.664,55113073
0.639,55119086
0.646,55125089
0.615,55131093
0.611,55137096
0.614,55143099
0.639,55149102
0.644,55155106
0.637,55161165
0.628,55167176
0.658,55173179
0.657,55179183
0.639,55185186
0.628,55191188
0.632,55197191
0.645,55203194
0.649,55209256
0.639,55215264
0.651,55221267
0.657,55227269
0.647,55233273
0.644,55239276
0.613,55245278
0.617,55251281
0.634,55257283
0.633,55263293
0.612,55269296
0.617,55275299
0.62,55281302
0.612,55287305
0.64,55293308
0.628,55299311
0.628,55305313
0.644,55311323
0.628,55317326
0.636,55323329
0.646,55329332
0.628,55335335
0.628,55341338
0.642,55347340
0.644,55353342
0.628,55359353
0.628,55365356
0.672,55371359
0.626,55377363
0.602,55383366
0.613,55389368
0.626,55395371
0.612,55401373
0.635,55407383
0.624,55413386
0.63,55419389
0.628,55425393
0.628,55431396
0.634,55437398
0.653,55443401
0.634,55449403
0.618,55455413
0.601,55461416
0.597,55467419
0.592,55473422
0.603,55479426
0.596,55485428
0.593,55491431
0.622,55497433
0.605,55503443
0.634,55509446
0.646,55515449
0.628,55521453
0.62,55527455
0.629,55533458
0.624,55539461
0.574,55545462
0.625,55551473
0.644,55557475
0.628,55563479
0.623,55569482
0.622,55575485
0.617,55581488
0.629,55587490
0.628,55593492
0.616,55599503
0.628,55605506
0.639,55611509
0.628,55617512
0.588,55623515
0.615,55629518
0.623,55635520
0.628,55641522
0.616,55647533
0.574,55653536
0.627,55659539
0.652,55665542
0.614,55671545
0.606,55677548
0.639,55683550
0.585,55689553
0.634,55695563
0.598,55701566
0.636,55707569
0.626,55713573
0.597,55719576
0.598,55725578
0.614,55731581
0.633,55737583
0.624,55743593
0.625,55749596
0.609,55755599
0.599,55761603
0.614,55767606
0.628,55773609
0.626,55779611
0.614,55785614
0.625,55791623
0.616,55797626
0.644,55803629
0.634,55809632
0.628,55815635
0.615,55821638
0.612,55827640
0.582,55833642
0.628,55839653
0.641,55845656
0.625,55851659
0.614,55857663
0.614,55863666
0.618,55869668
0.588,55875671
0.605,55881673
0.645,55887683
0.627,55893686
0.611,55899689
0.608,55905693
0.614,55911696
0.61,55917699
0.608,55923701
0.618,55929703
0.624,55935713
0.608,55941716
0.609,55947719
0.601,55953722
0.623,55959725
0.639,55965728
0.618,55971730
0.606,55977732
0.601,55983743
0.616,55989746
0.582,55995749
0.625,56001752
0.63,56007756
0.642,56013758
0.637,56019761
0.605,56025763
0.622,56031764
0.611,56037775
0.631,56043778
0.593,56049782
0.605,56055785
0.547,56061788
0.583,56067790
0.61,56073793
0.593,56079853
0.598,56085866
0.589,56091869
0.628,56097873
0.618,56103875
0.603,56109878
0.606,56115881
0.592,56121883
0.593,56127943
0.628,56133956
0.611,56139959
0.5809999,56145963
0.603,56151966
0.619,56157969
0.61,56163971
0.595,56169974
0.601,56175982
0.592,56181986
0.609,56187989
0.596,56193993
0.609,56199997
0.579,56206000
0.598,56212002
0.609,56218005
0.601,56224055
0.601,56230058
0.607,56236063
0.558,56242066
0.613,56248069
0.585,56254072
0.628,56260075
0.634,56266077
0.598,56272083
0.584,56278086
0.603,56284089
0.597,56290092
0.59,56296096
0.596,56302098
0.588,56308101
0.601,56314103
0.594,56320112
0.601,56326115
0.58,56332118
0.614,56338121
0.574,56344125
0.574,56350127
0.582,56356130
0.596,56362132
0.583,56368143
0.602,56374146
0.592,56380149
0.596,56386153
0.559,56392156
0.612,56398159
0.62,56404161
0.61,56410163
0.578,56416173
0.617,56422176
0.615,56428179
0.585,56434183
0.572,56440186
0.604,56446188
0.606,56452191
0.625,56458194
0.597,56464203
0.597,56470206
0.579,56476209
0.576,56482212
0.598,56488216
0.59,56494218
0.603,56500221
0.617,56506224
0.574,56512232
0.591,56518235
0.612,56524239
0.601,56530242
0.569,56536245
0.582,56542248
0.6,56548251
0.583,56554253
0.596,56560262
0.593,56566266
0.593,56572269
0.587,56578273
0.583,56584276
0.6,56590278
0.585,56596281
0.5809999,56602284
0.558,56608292
0.6,56614295
0.595,56620298
0.576,56626301
0.596,56632305
0.623,56638308
0.592,56644310
0.6,56650313
0.601,56656323
0.596,56662326
0.593,56668329
0.576,56674332
0.583,56680336
0.614,56686338
0.58,56692341
0.58,56698343
0.571,56704353
0.588,56710356
0.614,56716359
0.602,56722363
0.584,56728367
0.587,56734369
0.565,56740372
0.584,56746374
0.617,56752383
0.595,56758385
0.583,56764388
0.591,56770391
0.591,56776395
0.588,56782398
0.592,56788400
0.574,56794402
0.574,56800412
0.574,56806415
0.585,56812419
0.6,56818421
0.601,56824425
0.573,56830428
0.574,56836431
0.582,56842433
0.586,56848442
0.589,56854445
0.573,56860448
0.558,56866451
0.595,56872455
0.558,56878457
0.582,56884460
0.574,56890462
0.591,56896473
0.578,56902475
0.59,56908478
0.61,56914481
0.576,56920485
0.564,56926487
0.57,56932490
0.574,56938492
0.558,56944552
0.575,56950566
0.547,56956569
0.58,56962572
0.582,56968576
0.57,56974578
0.547,56980581
0.555,56986583
0.531,56992643
0.572,56998656
0.578,57004660
0.574,57010663
0.574,57016666
0.591,57022669
0.601,57028672
0.587,57034674
0.57,57040733
0.601,57046746
0.595,57052749
0.574,57058752
0.578,57064755
0.583,57070758
0.585,57076761
0.569,57082763
0.568,57088823
0.578,57094836
0.59,57100839
0.572,57106842
0.574,57112845
0.589,57118848
0.57,57124851
0.554,57130854
0.547,57136913
0.553,57142926
0.558,57148929
0.542,57154933
0.554,57160936
0.584,57166939
0.591,57172942
0.574,57178945
0.573,57185004
0.601,57191016
0.568,57197020
0.532,57203023
0.574,57209026
0.58,57215029
0.574,57221032
0.542,57227034
0.541,57233093
0.554,57239106
0.55,57245110
0.558,57251113
0.571,57257116
0.531,57263119
0.536,57269121
0.574,57275124
0.569,57281186
0.556,57287193
0.554,57293197
0.553,57299200
0.59,57305203
0.574,57311206
0.55,57317208
0.564,57323211
0.574,57329213
0.576,57335223
0.57,57341226
0.564,57347229
0.569,57353233
0.574,57359236
0.547,57365238
0.547,57371241
0.559,57377243
0.559,57383253
0.539,57389256
0.554,57395259
0.544,57401263
0.548,57407266
0.567,57413269
0.551,57419271
0.548,57425273
0.589,57431283
0.545,57437286
0.528,57443289
0.551,57449293
0.544,57455296
0.578,57461299
0.569,57467301
0.559,57473303
0.572,57479313
0.547,57485316
0.558,57491319
0.553,57497323
0.553,57503326
0.564,57509328
0.574,57515331
0.572,57521333
0.573,57527343
0.547,57533346
0.525,57539349
0.539,57545353
0.546,57551356
0.566,57557358
0.552,57563361
0.568,57569363
0.544,57575373
0.552,57581376
0.55,57587379
0.545,57593383
0.551,57599386
0.553,57605388
0.542,57611391
0.568,57617394
0.538,57623403
0.547,57629406
0.573,57635409
0.574,57641413
0.558,57647416
0.549,57653419
0.542,57659421
0.537,57665423
0.547,57671433
0.573,57677436
0.554,57683439
0.578,57689443
0.556,57695446
0.542,57701449
0.545,57707451
0.555,57713453
0.559,57719463
0.547,57725466
0.547,57731470
0.542,57737473
0.552,57743476
0.558,57749478
0.535,57755481
0.529,57761483
0.553,57767534
0.566,57773537
0.538,57779540
0.533,57785544
0.531,57791547
0.53,57797550
0.545,57803553
0.539,57809555
0.535,57815563
0.536,57821566
0.537,57827569
0.549,57833573
0.537,57839576
0.553,57845578
0.523,57851581
0.531,57857583
0.547,57863593
0.532,57869596
0.558,57875600
0.546,57881603
0.547,57887606
0.543,57893608
0.541,57899611
0.515,57905613
0.59,57911623
0.547,57917626
0.521,57923629
0.548,57929633
0.549,57935636
0.522,57941638
0.545,57947641
0.547,57953643
0.538,57959653
0.538,57965656
0.547,57971659
0.529,57977662
0.539,57983665
0.573,57989668
0.537,57995671
0.522,58001673
0.535,58007683
0.542,58013686
0.524,58019689
0.547,58025692
0.547,58031695
0.547,58037698
0.531,58043700
0.572,58049702
0.528,58055713
0.538,58061716
0.547,58067719
0.534,58073723
0.508,58079726
0.527,58085729
0.52,58091731
0.559,58097733
0.509,58103743
0.524,58109746
0.535,58115749
0.535,58121753
0.573,58127756
0.547,58133759
0.612,58139761
0.547,58145763
0.547,58151773
0.522,58157776
0.534,58163779
0.551,58169783
0.547,58175786
0.531,58181789
0.534,58187791
0.547,58193793
0.538,58199803
0.525,58205806
0.538,58211809
0.515,58217813
0.545,58223816
0.52,58229818
0.537,58235821
0.545,58241823
0.525,58247833
0.52,58253835
0.504,58259839
0.52,58265843
0.512,58271846
0.524,58277849
0.52,58283852
0.547,58289855
0.528,58295915
0.536,58301926
0.55,58307929
0.516,58313932
0.493,58319936
0.515,58325939
0.521,58331941
0.531,58337944
0.534,58344004
0.531,58350016
0.528,58356020
0.522,58362023
0.542,58368026
0.526,58374028
0.52,58380031
0.554,58386035
0.515,58392095
0.504,58398106
0.52,58404110
0.521,58410113
0.52,58416116
0.547,58422119
0.547,58428121
0.559,58434125
0.524,58440184
0.521,58446196
0.522,58452199
0.515,58458202
0.509,58464205
0.52,58470208
0.518,58476211
0.511,58482213
0.532,58488272
0.531,58494286
0.506,58500289
0.527,58506293
0.522,58512297
0.512,58518300
0.541,58524303
0.536,58530305
0.507,58536365
0.536,58542376
0.531,58548379
0.52,58554382
0.509,58560385
0.529,58566388
0.525,58572391
0.552,58578393
0.52,58584453
0.518,58590466
0.505,58596469
0.533,58602473
0.515,58608476
0.52,58614479
0.536,58620482
0.525,58626484
0.493,58632543
0.519,58638556
0.519,58644559
0.52,58650562
0.524,58656565
0.51,58662568
0.503,58668571
0.515,58674576
0.536,58680635
0.507,58686646
0.492,58692649
0.517,58698653
0.506,58704656
0.51,58710659
0.531,58716662
0.522,58722665
0.517,58728724
0.509,58734736
0.519,58740740
0.532,58746743
0.525,58752746
0.507,58758749
0.496,58764752
0.51,58770755
0.521,58776816
0.52,58782824
0.512,58788827
0.52,58794830
0.524,58800833
0.522,58806837
0.52,58812839
0.52,58818842
0.515,58824844
0.512,58830904
0.509,58836916
0.509,58842919
0.547,58848923
0.525,58854926
0.504,58860929
0.531,58866931
0.503,58872933
0.521,58878993
0.511,58885006
0.513,58891010
0.506,58897013
0.511,58903016
0.494,58909019
0.547,58915022
0.503,58921024
0.514,58927083
0.509,58933096
0.508,58939099
0.504,58945103
0.501,58951106
0.512,58957108
0.515,58963111
0.509,58969114
0.501,58975174
0.508,58981186
0.503,58987189
0.512,58993192
0.506,58999196
0.51,59005199
0.547,59011201
0.507,59017204
0.498,59023264
0.505,59029276
0.509,59035279
0.509,59041283
0.493,59047286
0.493,59053289
0.497,59059291
0.509,59065293
0.504,59071353
0.506,59077366
0.518,59083369
0.504,59089372
0.535,59095376
0.5,59101379
0.519,59107382
0.49,59113384
0.523,59119443
0.509,59125456
0.503,59131459
0.512,59137463
0.52,59143466
0.512,59149469
0.513,59155472
0.504,59161474
0.477,59167534
0.519,59173546
0.514,59179550
0.506,59185553
0.507,59191556
0.52,59197558
0.509,59203561
0.5,59209564
0.497,59215623
0.521,59221636
0.493,59227639
0.501,59233643
0.505,59239645
0.504,59245648
0.498,59251652
0.511,59257654
0.471,59263713
0.508,59269726
0.511,59275729
0.515,59281733
0.504,59287736
0.524,59293738
0.5,59299741
0.504,59305744
0.482,59311803
0.495,59317815
0.509,59323818
0.503,59329822
0.508,59335825
0.505,59341828
0.488,59347831
0.493,59353833
0.494,59359893
0.504,59365906
0.493,59371909
0.502,59377913
0.515,59383916
0.506,59389919
0.502,59395921
0.484,59401924
0.493,59407983
0.501,59413996
0.491,59420000
0.489,59426003
0.46,59432006
0.493,59438009
0.484,59444013
0.527,59450015
0.505,59456077
0.504,59462084
0.506,59468087
0.501,59474090
0.493,59480093
0.488,59486096
0.463,59492099
0.504,59498101
0.497,59504104
0.482,59510113
0.484,59516116
0.467,59522119
0.482,59528122
0.488,59534126
0.506,59540128
0.458,59546131
0.492,59552134
0.484,59558143
0.52,59564146
0.478,59570149
0.47,59576153
0.493,59582156
0.498,59588158
0.465,59594161
0.493,59600163
0.478,59606173
0.512,59612176
0.498,59618180
0.498,59624183
0.466,59630186
0.482,59636189
0.478,59642191
0.506,59648193
0.482,59654203
0.493,59660206
0.467,59666210
0.502,59672213
0.495,59678216
0.531,59684219
0.505,59690221
0.471,59696224
0.498,59702233
0.495,59708236
0.489,59714239
0.493,59720242
0.487,59726245
0.48,59732248
0.475,59738250
0.483,59744252
0.506,59750263
0.514,59756266
0.502,59762269
0.525,59768273
0.493,59774276
0.493,59780278
0.492,59786281
0.469,59792284
0.493,59798293
0.483,59804296
0.471,59810299
0.479,59816303
0.493,59822306
0.502,59828308
0.489,59834311
0.481,59840313
0.488,59846323
0.49,59852326
0.495,59858329
0.483,59864333
0.491,59870336
0.495,59876339
0.471,59882342
0.477,59888344
0.493,59894353
0.495,59900356
0.478,59906359
0.453,59912363
0.46,59918365
0.466,59924368
0.492,59930371
0.469,59936373
0.532,59942383
0.498,59948386
0.495,59954389
0.514,59960393
0.497,59966396
0.498,59972399
0.488,59978401
0.498,59984403
0.461,59990413
0.474,59996416
0.493,60002420
0.493,60008424
0.49,60014427
0.47,60020430
0.476,60026433
0.48,60032435
0.49,60038443
0.482,60044445
0.461,60050449
0.466,60056452
0.466,60062456
0.478,60068458
0.473,60074461
0.484,60080464
0.485,60086472
0.465,60092476
0.52,60098479
0.477,60104483
0.474,60110486
0.481,60116489
0.482,60122492
0.504,60128494
0.466,60134503
0.457,60140506
0.467,60146510
0.473,60152513
0.501,60158516
0.478,60164519
0.463,60170521
0.468,60176523
0.466,60182532
0.477,60188535
0.493,60194539
0.467,60200542
0.47,60206545
0.477,60212548
0.5,60218550
0.508,60224552
0.493,60230553
0.49,60236565
0.498,60242568
0.478,60248572
0.483,60254575
0.502,60260578
0.492,60266581
0.465,60272586
0.48,60278646
0.475,60284656
0.448,60290659
0.493,60296663
0.475,60302666
0.477,60308668
0.462,60314671
0.458,60320673
0.461,60326733
0.483,60332747
0.467,60338750
0.45,60344753
0.482,60350756
0.477,60356759
0.481,60362762
0.474,60368764
0.466,60374824
0.471,60380836
0.48,60386839
0.493,60392843
0.48,60398846
0.466,60404849
0.468,60410852
0.474,60416853
0.482,60422913
0.471,60428926
0.48,60434929
0.47,60440933
0.464,60446936
0.46,60452939
0.47,60458941
0.461,60464944
0.466,60471004
0.466,60477016
0.474,60483020
0.487,60489023
0.491,60495026
0.47,60501028
0.462,60507031
0.475,60513033
0.454,60519093
0.471,60525106
0.474,60531109
0.452,60537113
0.475,60543116
0.474,60549119
0.471,60555122
0.466,60561125
0.48,60567184
0.47,60573196
0.49,60579199
0.466,60585203
0.435,60591206
0.461,60597210
0.468,60603212
0.46,60609215
0.464,60615274
0.471,60621286
0.467,60627290
0.461,60633293
0.451,60639296
0.456,60645299
0.479,60651302
0.466,60657305
0.449,60663364
0.457,60669376
0.466,60675379
0.461,60681383
0.451,60687386
0.466,60693389
0.439,60699392
0.483,60705395
0.466,60711456
0.463,60717463
0.477,60723466
0.464,60729470
0.45,60735473
0.432,60741476
0.452,60747479
0.472,60753481
0.455,60759483
0.444,60765493
0.431,60771496
0.452,60777499
0.471,60783503
0.466,60789506
0.45,60795509
0.434,60801511
0.447,60807513
0.466,60813573
0.446,60819586
0.461,60825590
0.451,60831593
0.471,60837596
0.45,60843599
0.44,60849601
0.457,60855603
0.444,60861604
0.458,60867622
0.452,60873626
0.457,60879629
0.46,60885632
0.444,60891635
0.468,60897638
0.471,60903639
0.458,60909643
0.45,60915646
0.466,60921649
0.439,60927652
0.434,60933655
0.439,60939658
0.401,60945660
0.434,60951662
0.441,60957663
0.461,60963675
0.452,60969679
0.467,60975682
0.455,60981685
0.454,60987688
0.455,60993691
0.451,60999693
0.464,61005694
0.452,61011705
0.449,61017709
0.48,61023712
0.44,61029716
0.434,61035718
0.446,61041721
0.439,61047723
0.437,61053783
0.474,61059796
0.45,61065799
0.441,61071803
0.457,61077806
0.431,61083809
0.443,61089811
0.452,61095813
0.427,61101873
0.444,61107886
0.439,61113889
0.456,61119892
0.444,61125895
0.439,61131898
0.428,61137901
0.448,61143904
0.452,61149963
0.434,61155976
0.443,61161979
0.439,61167983
0.441,61173986
0.445,61179989
0.456,61185991
0.44,61191994
0.447,61198054
0.455,61204066
0.444,61210069
0.439,61216073
0.424,61222076
0.452,61228079
0.45,61234081
0.452,61240084
0.464,61246144
0.439,61252156
0.466,61258160
0.439,61264163
0.441,61270166
0.437,61276169
0.427,61282171
0.447,61288174
0.441,61294233
0.443,61300246
0.474,61306250
0.428,61312253
0.439,61318256
0.433,61324259
0.444,61330261
0.444,61336264
0.446,61342324
0.469,61348336
0.43,61354339
0.447,61360343
0.443,61366346
0.439,61372349
0.43,61378352
0.439,61384356
0.453,61390415
0.455,61396426
0.456,61402430
0.436,61408433
0.439,61414437
0.448,61420439
0.448,61426442
0.452,61432446
0.439,61438505
0.466,61444516
0.438,61450519
0.452,61456523
0.444,61462525
0.441,61468528
0.439,61474531
0.439,61480535
0.439,61486594
0.467,61492606
0.439,61498609
0.448,61504613
0.439,61510615
0.422,61516618
0.439,61522621
0.463,61528624
0.453,61534683
0.431,61540696
0.454,61546700
0.412,61552703
0.445,61558706
0.47,61564709
0.465,61570712
0.429,61576715
0.453,61582777
0.415,61588783
0.441,61594786
0.45,61600790
0.412,61606793
0.414,61612796
0.437,61618799
0.439,61624802
0.436,61630805
0.423,61636813
0.412,61642816
0.438,61648819
0.443,61654823
0.439,61660827
0.439,61666829
0.427,61672832
0.401,61678835
0.426,61684843
0.45,61690846
0.423,61696849
0.422,61702852
0.407,61708855
0.417,61714858
0.439,61720861
0.431,61726863
0.442,61732873
0.412,61738876
0.421,61744879
0.429,61750882
0.417,61756885
0.42,61762888
0.439,61768891
0.424,61774895
0.44,61780903
0.438,61786906
0.43,61792909
0.434,61798912
0.446,61804915
0.426,61810918
0.429,61816920
0.439,61822922
0.432,61828933
0.453,61834936
0.434,61840939
0.421,61846942
0.423,61852945
0.428,61858948
0.439,61864950
0.417,61870953
0.45,61876963
0.429,61882966
0.432,61888969
0.434,61894972
0.423,61900975
0.438,61906978
0.42,61912980
0.425,61918982
0.431,61924993
0.43,61930996
0.439,61936999
0.439,61943003
0.434,61949006
0.431,61955009
0.46,61961011
0.458,61967013
0.422,61973014
0.396,61979025
0.412,61985029
0.423,61991032
0.443,61997035
0.437,62003038
0.421,62009041
0.413,62015043
0.414,62021103
0.427,62027116
0.446,62033119
0.442,62039123
0.377,62045127
0.43,62051129
0.429,62057132
0.416,62063134
0.417,62069194
0.417,62075206
0.423,62081209
0.426,62087212
0.435,62093215
0.423,62099218
0.412,62105220
0.396,62111222
0.416,62117223
0.419,62123236
0.43,62129238
0.423,62135242
0.423,62141245
0.416,62147248
0.413,62153251
0.427,62159253
0.412,62165313
0.419,62171326
0.418,62177329
0.43,62183332
0.429,62189336
0.428,62195339
0.439,62201341
0.427,62207343
0.417,62213403
0.412,62219416
0.416,62225419
0.421,62231422
0.425,62237425
0.409,62243428
0.406,62249431
0.398,62255433
0.404,62261493
0.402,62267506
0.398,62273509
0.407,62279513
0.402,62285516
0.439,62291518
0.414,62297521
0.416,62303524
0.412,62309583
0.405,62315596
0.412,62321599
0.417,62327603
0.414,62333606
0.385,62339609
0.412,62345612
0.426,62351614
0.422,62357674
0.434,62363686
0.439,62369689
0.431,62375692
0.431,62381695
0.413,62387698
0.416,62393701
0.414,62399706
0.392,62405766
0.41,62411780
0.412,62417783
0.396,62423786
0.407,62429789
0.421,62435792
0.439,62441795
0.415,62447798
0.407,62453802
0.416,62459805
0.447,62465808
0.394,62471811
0.428,62477814
0.41,62483816
0.409,62489819
0.424,62495821
0.434,62501832
0.409,62507835
0.409,62513838
0.407,62519841
0.426,62525844
0.398,62531847
0.41,62537850
0.412,62543852
0.397,62549861
0.406,62555865
0.413,62561868
0.396,62567871
0.41,62573875
0.41,62579877
0.412,62585880
0.396,62591884
0.412,62597891
0.417,62603895
0.413,62609898
0.404,62615901
0.419,62621905
0.4,62627908
0.439,62633911
0.409,62639913
0.417,62645921
0.402,62651924
0.416,62657927
0.394,62663930
0.398,62669935
0.427,62675938
0.394,62681941
0.419,62687944
0.412,62693952
0.414,62699955
0.423,62705958
0.407,62711961
0.395,62717965
0.399,62723968
0.412,62729971
0.397,62735974
0.416,62741982
0.414,62747984
0.411,62753988
0.407,62759991
0.413,62765994
0.41,62771997
0.409,62778000
0.4,62784003
0.41,62790012
0.385,62796015
0.407,62802018
0.4,62808021
0.438,62814025
0.404,62820028
0.377,62826030
0.394,62832033
0.414,62838092
0.414,62844106
0.403,62850109
0.398,62856113
0.396,62862116
0.428,62868119
0.409,62874122
0.398,62880125
0.386,62886184
0.428,62892196
0.406,62898200
0.41,62904203
0.401,62910206
0.396,62916209
0.391,62922212
0.389,62928216
0.408,62934217
0.414,62940223
0.407,62946226
0.385,62952229
0.389,62958233
0.407,62964236
0.395,62970239
0.398,62976241
0.398,62982245
0.401,62988253
0.393,62994256
0.387,63000259
0.389,63006263
0.406,63012266
0.381,63018269
0.398,63024272
0.398,63030274
0.396,63036283
0.415,63042286
0.396,63048289
0.4,63054293
0.371,63060296
0.389,63066299
0.409,63072301
0.388,63078304
0.384,63084313
0.396,63090316
0.439,63096320
0.398,63102323
0.392,63108326
0.398,63114329
0.417,63120331
0.396,63126335
0.398,63132343
0.392,63138346
0.376,63144349
0.389,63150352
0.4,63156356
0.402,63162358
0.384,63168361
0.386,63174363
0.388,63180373
0.412,63186376
0.401,63192379
0.38,63198383
0.387,63204386
0.413,63210388
0.37,63216391
0.39,63222395
0.4,63228403
0.405,63234406
0.396,63240409
0.394,63246412
0.385,63252415
0.385,63258418
0.399,63264421
0.407,63270423
0.394,63276433
0.387,63282436
0.385,63288439
0.397,63294443
0.382,63300446
0.384,63306449
0.383,63312451
0.376,63318453
0.402,63324463
0.387,63330466
0.379,63336470
0.385,63342473
0.401,63348476
0.39,63354479
0.398,63360482
0.413,63366484
0.358,63372493
0.363,63378496
0.389,63384499
0.396,63390503
0.399,63396505
0.4,63402508
0.421,63408511
0.404,63414513
0.382,63420523
0.407,63426527
0.379,63432530
0.385,63438533
0.389,63444536
0.439,63450539
0.409,63456541
0.399,63462543
0.405,63468553
0.399,63474556
0.43,63480559
0.402,63486562
0.387,63492565
0.398,63498567
0.384,63504570
0.397,63510572
0.39,63516583
0.394,63522586
0.401,63528589
0.387,63534593
0.385,63540596
0.377,63546598
0.392,63552601
0.381,63558605
0.379,63564665
0.379,63570676
0.386,63576679
0.396,63582683
0.385,63588686
0.364,63594688
0.398,63600691
0.385,63606693
0.382,63612753
0.398,63618766
0.38,63624770
0.37,63630773
0.379,63636776
0.39,63642779
0.399,63648782
0.377,63654785
0.368,63660845
0.407,63666856
0.375,63672859
0.376,63678863
0.379,63684865
0.385,63690868
0.387,63696870
0.396,63702872
0.4,63708873
0.356,63714886
0.374,63720889
0.196,63726892
0.39,63732895
0.385,63738898
0.4,63744901
0.372,63750904
0.374,63756964
0.377,63762976
0.385,63768980
0.372,63774983
0.368,63780986
0.372,63786989
0.385,63792992
0.385,63798994
0.385,63805054
0.387,63811066
0.376,63817069
0.364,63823072
0.366,63829075
0.371,63835078
0.377,63841081
0.361,63847083
0.375,63853143
0.385,63859156
0.384,63865159
0.408,63871163
0.403,63877166
0.385,63883169
0.38,63889172
0.385,63895174
0.382,63901234
0.373,63907247
0.376,63913250
0.375,63919253
0.369,63925256
0.363,63931259
0.375,63937261
0.387,63943264
0.362,63949323
0.371,63955329
0.401,63961332
0.369,63967335
0.356,63973339
0.381,63979341
0.385,63985344
0.379,63991346
0.375,63997406
0.38,64003416
0.367,64009419
0.369,64015423
0.376,64021426
0.383,64027428
0.373,64033431
0.385,64039434
0.382,64045493
0.372,64051506
0.331,64057510
0.352,64063513
0.37,64069516
0.373,64075519
0.373,64081522
0.376,64087525
0.377,64093584
0.383,64099596
0.379,64105599
0.358,64111602
0.37,64117605
0.342,64123608
0.344,64129611
0.367,64135614
0.362,64141673
0.377,64147686
0.385,64153690
0.38,64159694
0.377,64165697
0.371,64171700
0.358,64177703
0.381,64183705
0.376,64189764
0.367,64195776
0.363,64201780
0.376,64207783
0.362,64213786
0.379,64219789
0.375,64225792
0.383,64231795
0.364,64237856
0.357,64243863
0.375,64249866
0.372,64255869
0.389,64261873
0.37,64267876
0.374,64273879
0.385,64279882
0.385,64285884
0.369,64291893
0.368,64297896
0.363,64303899
0.358,64309903
0.356,64315906
0.381,64321908
0.385,64327911
0.374,64333913
0.371,64339923
0.375,64345926
0.369,64351929
0.397,64357933
0.381,64363936
0.365,64369938
0.362,64375941
0.374,64381943
0.359,64387953
0.353,64393956
0.352,64399959
0.336,64405963
0.368,64411966
0.371,64417968
0.36,64423971
0.369,64429973
0.34,64435983
0.342,64441986
0.356,64447989
0.358,64453993
0.358,64459996
0.363,64465998
0.341,64472001
0.362,64478003
0.36,64484013
0.347,64490016
0.371,64496019
0.342,64502023
0.362,64508026
0.371,64514028
0.369,64520031
0.375,64526033
0.346,64532043
0.353,64538046
0.35,64544049
0.343,64550052
0.342,64556055
0.341,64562058
0.358,64568061
0.366,64574062
0.357,64580073
0.358,64586076
0.359,64592079
0.37,64598082
0.352,64604086
0.344,64610089
0.362,64616091
0.364,64622093
0.358,64628103
0.352,64634106
0.336,64640109
0.359,64646113
0.36,64652116
0.355,64658119
0.348,64664121
0.347,64670123
0.36,64676183
0.358,64682196
0.389,64688199
0.358,64694203
0.35,64700206
0.353,64706209
0.362,64712212
0.352,64718214
0.359,64724274
0.374,64730286
0.359,64736289
0.349,64742293
0.345,64748296
0.368,64754299
0.362,64760302
0.358,64766304
0.358,64772364
0.363,64778376
0.376,64784379
0.373,64790382
0.352,64796385
0.358,64802388
0.372,64808391
0.361,64814393
0.358,64820453
0.35,64826466
0.359,64832469
0.35,64838473
0.37,64844476
0.367,64850479
0.358,64856482
0.363,64862485
0.374,64868544
0.344,64874556
0.349,64880559
0.347,64886562
0.366,64892566
0.358,64898569
0.339,64904571
0.331,64910574
0.358,64916634
0.364,64922646
0.364,64928649
0.361,64934651
0.355,64940655
0.358,64946658
0.363,64952661
0.335,64958664
0.347,64964724
0.356,64970736
0.348,64976739
0.345,64982742
0.344,64988746
0.354,64994748
0.352,65000751
0.359,65006755
0.347,65012814
0.365,65018826
0.348,65024830
0.331,65030833
0.344,65036837
0.38,65042840
0.358,65048843
0.349,65054845
0.353,65060904
0.349,65066916
0.348,65072920
0.344,65078923
0.375,65084926
0.372,65090929
0.344,65096932
0.342,65102935
0.351,65108994
0.371,65115006
0.339,65121009
0.342,65127013
0.353,65133016
0.36,65139018
0.352,65145021
0.339,65151024
0.332,65157083
0.342,65163096
0.333,65169100
0.358,65175103
0.367,65181106
0.345,65187109
0.344,65193112
0.331,65199115
0.335,65205177
0.355,65211184
0.363,65217187
0.348,65223190
0.332,65229194
0.344,65235197
0.349,65241200
0.367,65247202
0.346,65253204
0.341,65259213
0.353,65265216
0.361,65271219
0.343,65277222
0.348,65283225
0.338,65289228
0.339,65295231
0.35,65301235
0.336,65307243
0.359,65313246
0.344,65319249
0.342,65325252
0.349,65331255
0.321,65337258
0.347,65343261
0.348,65349264
0.352,65355273
0.345,65361276
0.352,65367280
0.335,65373283
0.345,65379286
0.346,65385289
0.347,65391292
0.336,65397295
0.357,65403303
0.325,65409306
0.343,65415309
0.352,65421312
0.336,65427315
0.345,65433318
0.347,65439321
0.344,65445323
0.332,65451333
0.34,65457336
0.328,65463339
0.384,65469343
0.332,65475345
0.331,65481348
0.342,65487351
0.343,65493353
0.331,65499412
0.353,65505415
0.306,65511418
0.345,65517422
0.335,65523425
0.326,65529428
0.335,65535430
0.336,65541432
0.348,65547443
0.318,65553446
0.342,65559449
0.341,65565453
0.313,65571455
0.341,65577458
0.365,65583460
0.336,65589462
0.338,65595473
0.343,65601476
0.304,65607479
0.338,65613483
0.339,65619486
0.318,65625489
0.336,65631491
0.346,65637493
0.365,65643503
0.336,65649506
0.331,65655509
0.333,65661513
0.328,65667517
0.331,65673520
0.347,65679523
0.306,65685526
0.358,65691533
0.338,65697535
0.312,65703539
0.352,65709542
0.368,65715545
0.355,65721548
0.333,65727550
0.31,65733552
0.347,65739563
0.322,65745566
0.34,65751569
0.328,65757572
0.317,65763575
0.336,65769578
0.358,65775580
0.33,65781582
0.36,65787593
0.331,65793596
0.344,65799599
0.331,65805603
0.339,65811606
0.334,65817608
0.328,65823611
0.331,65829613
0.331,65835623
0.325,65841626
0.357,65847629
0.332,65853633
0.334,65859636
0.321,65865638
0.331,65871641
0.331,65877643
0.332,65883653
0.359,65889656
0.325,65895660
0.324,65901663
0.338,65907666
0.319,65913669
0.331,65919672
0.358,65925674
0.301,65931683
0.34,65937686
0.331,65943689
0.344,65949693
0.33,65955696
0.317,65961698
0.336,65967701
0.336,65973703
0.339,65979713
0.342,65985716
0.331,65991719
0.331,65997723
0.347,66003726
0.325,66009728
0.331,66015731
0.346,66021733
0.333,66027743
0.331,66033746
0.309,66039749
0.342,66045752
0.329,66051755
0.323,66057757
0.315,66063760
0.331,66069762
0.326,66075773
0.312,66081776
0.331,66087779
0.328,66093782
0.325,66099785
0.315,66105788
0.327,66111791
0.331,66117793
0.327,66123803
0.291,66129806
0.344,66135809
0.327,66141813
0.336,66147815
0.325,66153818
0.323,66159821
0.311,66165823
0.34,66171833
0.329,66177835
0.321,66183839
0.329,66189842
0.346,66195845
0.322,66201848
0.318,66207851
0.328,66213853
0.319,66219863
0.329,66225866
0.328,66231869
0.347,66237873
0.323,66243876
0.323,66249878
0.293,66255881
0.331,66261883
0.317,66267893
0.315,66273896
0.332,66279899
0.329,66285903
0.331,66291906
0.32,66297908
0.317,66303911
0.328,66309913
0.331,66315923
0.331,66321926
0.327,66327929
0.336,66333933
0.318,66339936
0.312,66345938
0.332,66351941
0.322,66357943
0.315,66363953
0.322,66369956
0.288,66375959
0.331,66381962
0.326,66387965
0.34,66393968
0.322,66399971
0.32,66405972
0.331,66411983
0.34,66417986
0.335,66423989
0.327,66429993
0.319,66435996
0.318,66441998
0.296,66448001
0.316,66454003
0.317,66460013
0.318,66466016
0.32,66472019
0.302,66478022
0.325,66484025
0.315,66490028
0.295,66496031
0.326,66502033
0.315,66508043
0.309,66514046
0.321,66520049
0.326,66526052
0.237,66532056
0.325,66538058
0.318,66544061
0.323,66550064
0.327,66556073
0.322,66562076
0.329,66568080
0.315,66574083
0.32,66580086
0.322,66586089
0.32,66592091
0.317,66598094
0.339,66604103
0.317,66610106
0.315,66616110
0.306,66622113
0.327,66628116
0.321,66634119
0.333,66640121
0.317,66646124
0.315,66652133
0.319,66658136
0.318,66664139
0.336,66670143
0.315,66676146
0.328,66682148
0.309,66688151
0.253,66694153
0.315,66700163
0.339,66706166
0.316,66712169
0.312,66718172
0.302,66724175
0.325,66730177
0.311,66736180
0.328,66742182
0.321,66748193
0.32,66754196
0.319,66760200
0.318,66766203
0.32,66772206
0.315,66778209
0.321,66784211
0.304,66790214
0.318,66796274
0.312,66802286
0.327,66808289
0.318,66814293
0.305,66820296
0.298,66826298
0.311,66832301
0.315,66838303
0.322,66844363
0.295,66850376
0.32,66856379
0.319,66862383
0.334,66868386
0.313,66874389
0.289,66880392
0.316,66886394
0.328,66892454
0.313,66898466
0.304,66904469
0.31,66910473
0.303,66916476
0.323,66922478
0.325,66928481
0.312,66934484
0.309,66940544
0.331,66946556
0.316,66952559
0.318,66958563
0.309,66964566
0.328,66970568
0.313,66976571
0.312,66982574
0.304,66988634
0.304,66994646
0.319,67000649
0.336,67006653
0.332,67012656
0.331,67018658
0.331,67024661
0.317,67030663
0.298,67036723
0.282,67042727
0.308,67048730
0.303,67054734
0.316,67060737
0.304,67066740
0.3,67072742
0.3,67078745
0.308,67084804
0.331,67090816
0.304,67096819
0.289,67102822
0.313,67108825
0.331,67114828
0.305,67120831
0.301,67126836
0.304,67132895
0.325,67138906
0.313,67144909
0.292,67150913
0.313,67156915
0.32,67162918
0.26,67168921
0.298,67174925
0.299,67180984
0.309,67186996
0.304,67193000
0.305,67199003
0.296,67205006
0.304,67211008
0.305,67217012
0.304,67223014
0.304,67229073
0.299,67235086
0.292,67241089
0.293,67247092
0.312,67253095
0.309,67259098
0.318,67265101
0.303,67271104
0.304,67277163
0.328,67283176
0.293,67289180
0.309,67295183
0.318,67301186
0.309,67307188
0.304,67313192
0.28,67319194
0.304,67325254
0.332,67331266
0.324,67337270
0.304,67343273
0.304,67349276
0.304,67355279
0.34,67361281
0.304,67367285
0.305,67373347
0.294,67379354
0.277,67385356
0.307,67391360
0.304,67397363
0.314,67403366
0.288,67409369
0.287,67415371
0.315,67421374
0.304,67427383
0.304,67433386
0.304,67439389
0.311,67445392
0.304,67451396
0.289,67457398
0.276,67463401
0.304,67469405
0.305,67475413
0.304,67481416
0.303,67487419
0.323,67493422
0.319,67499426
0.312,67505428
0.301,67511431
0.3,67517434
0.304,67523443
0.31,67529446
0.304,67535449
0.293,67541453
0.292,67547456
0.304,67553459
0.306,67559462
0.295,67565464
0.298,67571473
0.304,67577476
0.304,67583479
0.317,67589483
0.327,67595485
0.325,67601488
0.311,67607491
0.301,67613493
0.301,67619503
0.308,67625506
0.301,67631509
0.299,67637512
0.289,67643515
0.293,67649518
0.304,67655521
0.295,67661523
0.286,67667533
0.303,67673536
0.288,67679539
0.281,67685542
0.302,67691545
0.304,67697548
0.317,67703551
0.299,67709553
0.304,67715563
0.288,67721566
0.301,67727569
0.315,67733573
0.293,67739575
0.271,67745578
0.307,67751581
0.309,67757583
0.293,67763593
0.3,67769596
0.331,67775599
0.304,67781603
0.293,67787606
0.288,67793608
0.303,67799611
0.298,67805613
0.304,67811623
0.311,67817626
0.3,67823629
0.293,67829633
0.32,67835637
0.295,67841639
0.282,67847642
0.29,67853644
0.273,67859645
0.32,67865655
0.308,67871659
0.301,67877662
0.298,67883665
0.304,67889668
0.29,67895671
0.277,67901673
0.279,67907733
0.294,67913746
0.296,67919749
0.302,67925753
0.315,67931756
0.294,67937759
0.291,67943761
0.326,67949763
0.31,67955822
0.304,67961836
0.293,67967839
0.294,67973843
0.291,67979846
0.28,67985848
0.274,67991851
0.287,67997853
0.277,68003913
0.293,68009926
0.291,68015929
0.291,68021932
0.293,68027936
0.301,68033939
0.304,68039941
0.306,68045943
0.303,68052003
0.291,68058016
0.275,68064019
0.296,68070023
0.301,68076026
0.295,68082029
0.295,68088032
0.294,68094034
0.251,68100094
0.287,68106106
0.287,68112109
0.29,68118112
0.258,68124115
0.279,68130118
0.301,68136121
0.304,68142123
0.301,68148182
0.285,68154196
0.302,68160199
0.304,68166203
0.292,68172206
0.284,68178209
0.289,68184211
0.298,68190214
0.28,68196274
0.298,68202286
0.295,68208289
0.304,68214292
0.291,68220296
0.301,68226299
0.293,68232301
0.289,68238304
0.293,68244363
0.279,68250376
0.286,68256379
0.299,68262382
0.3,68268385
0.313,68274388
0.308,68280391
0.34,68286394
0.319,68292453
0.309,68298466
0.315,68304469
0.32,68310473
0.305,68316476
0.304,68322479
0.323,68328482
0.309,68334485
0.307,68340545
0.326,68346556
0.304,68352560
0.29,68358563
0.305,68364566
0.313,68370569
0.304,68376572
0.311,68382574
0.312,68388634
0.291,68394646
0.304,68400649
0.295,68406652
0.316,68412655
0.299,68418658
0.294,68424661
0.289,68430664
0.294,68436723
0.285,68442736
0.295,68448740
0.322,68454743
0.299,68460746
0.298,68466749
0.286,68472753
0.289,68478756
0.301,68484815
0.301,68490826
0.304,68496830
0.298,68502833
0.264,68508836
0.298,68514839
0.315,68520842
0.293,68526845
0.291,68532907
0.271,68538914
0.295,68544917
0.302,68550920
0.286,68556923
0.302,68562926
0.298,68568929
0.304,68574932
0.303,68580934
0.29,68586984
0.288,68592987
0.295,68598990
0.309,68604994
0.29,68610997
0.276,68617000
0.293,68623002
0.293,68629004
0.288,68635013
0.28,68641016
0.292,68647019
0.301,68653023
0.289,68659026
0.288,68665028
0.286,68671031
0.278,68677033
0.305,68683043
0.298,68689046
0.293,68695049
0.293,68701053
0.294,68707056
0.279,68713058
0.301,68719061
0.314,68725063
0.284,68731073
0.293,68737076
0.291,68743079
0.291,68749083
0.279,68755086
0.299,68761088
0.322,68767091
0.295,68773093
0.303,68779103
0.3,68785106
0.278,68791109
0.298,68797112
0.299,68803115
0.286,68809118
0.266,68815121
0.291,68821123
0.285,68827133
0.294,68833136
0.296,68839140
0.29,68845143
0.288,68851146
0.3,68857148
0.304,68863151
0.323,68869153
0.286,68875163
0.288,68881166
0.315,68887170
0.299,68893173
0.293,68899176
0.277,68905178
0.277,68911181
0.29,68917183
0.277,68923193
0.288,68929196
0.29,68935199
0.291,68941202
0.288,68947206
0.295,68953208
0.299,68959211
0.303,68965213
0.282,68971223
0.272,68977226
0.259,68983229
0.261,68989232
0.271,68995236
0.278,69001238
0.285,69007241
0.289,69013244
0.292,69019253
0.295,69025256
0.297,69031259
0.298,69037263
0.301,69043266
0.295,69049269
0.293,69055271
0.285,69061273
0.311,69067283
0.304,69073287
0.29,69079290
0.288,69085293
0.29,69091297
0.291,69097299
0.301,69103302
0.303,69109304
0.282,69115313
0.279,69121316
0.288,69127319
0.287,69133323
0.274,69139326
0.279,69145328
0.281,69151331
0.287,69157332
0.294,69163343
0.286,69169346
0.277,69175349
0.277,69181352
0.281,69187355
0.283,69193358
0.282,69199361
0.279,69205364
0.286,69211373
0.281,69217376
0.274,69223379
0.274,69229383
0.262,69235386
0.278,69241389
0.271,69247391
0.274,69253394
0.291,69259403
0.289,69265406
0.307,69271409
0.288,69277412
0.284,69283416
0.276,69289418
0.277,69295421
0.279,69301423
0.273,69307433
0.277,69313436
0.281,69319439
0.266,69325443
0.271,69331446
0.273,69337449
0.281,69343451
0.293,69349455
0.277,69355463
0.282,69361466
0.276,69367469
0.282,69373473
0.287,69379476
0.288,69385479
0.285,69391481
0.286,69397484
0.29,69403493
0.29,69409496
0.275,69415499
0.28,69421502
0.271,69427505
0.277,69433508
0.288,69439511
0.298,69445513
0.277,69451523
0.277,69457526
0.282,69463529
0.304,69469533
0.288,69475536
0.277,69481539
0.289,69487541
0.288,69493544
0.278,69499553
0.282,69505556
0.289,69511559
0.284,69517563
0.303,69523566
0.298,69529569
0.293,69535571
0.277,69541575
0.277,69547583
0.262,69553586
0.277,69559589
0.277,69565592
0.293,69571595
0.286,69577598
0.29,69583601
0.304,69589603
0.276,69595613
0.277,69601616
0.289,69607619
0.29,69613623
0.281,69619626
0.279,69625629
0.277,69631631
0.271,69637634
0.278,69643694
0.281,69649706
0.268,69655709
0.29,69661713
0.295,69667716
0.275,69673718
0.267,69679721
0.277,69685724
0.285,69691784
0.288,69697796
0.29,69703799
0.266,69709803
0.279,69715806
0.277,69721809
0.294,69727812
0.286,69733814
0.288,69739874
0.275,69745886
0.264,69751889
0.288,69757892
0.277,69763895
0.302,69769898
0.275,69775901
0.267,69781905
0.279,69787965
0.236,69793976
0.285,69799979
0.298,69805983
0.277,69811985
0.286,69817988
0.299,69823991
0.276,69829993
0.277,69836053
0.29,69842066
0.293,69848069
0.269,69854072
0.272,69860075
0.282,69866078
0.296,69872080
0.274,69878083
0.284,69884143
0.266,69890156
0.285,69896159
0.282,69902163
0.275,69908166
0.281,69914168
0.286,69920171
0.277,69926174
0.269,69932233
0.277,69938246
0.286,69944249
0.29,69950253
0.275,69956256
0.298,69962259
0.288,69968262
0.275,69974265
0.277,69980324
0.32,69986336
0.281,69992340
0.277,69998343
0.258,70004346
0.264,70010348
0.25,70016351
0.276,70022355
0.282,70028414
0.277,70034426
0.278,70040429
0.29,70046433
0.288,70052436
0.306,70058439
0.274,70064442
0.277,70070446
0.26,70076505
0.278,70082516
0.285,70088519
0.282,70094523
0.3,70100526
0.28,70106530
0.277,70112533
0.272,70118536
0.265,70124595
0.253,70130653
0.268,70136656
0.275,70142659
0.281,70148662
0.281,70154665
0.297,70160668
0.293,70166671
0.288,70172730
0.276,70178736
0.25,70184739
0.253,70190743
0.262,70196746
0.271,70202749
0.261,70208752
0.282,70214754
0.281,70220816
0.293,70226824
0.277,70232827
0.277,70238830
0.263,70244834
0.282,70250837
0.277,70256839
0.282,70262842
0.277,70268844
0.277,70274853
0.274,70280856
0.272,70286859
0.266,70292862
0.279,70298865
0.281,70304868
0.269,70310871
0.277,70316873
0.279,70322883
0.261,70328886
0.261,70334889
0.271,70340893
0.277,70346896
0.25,70352899
0.266,70358901
0.292,70364903
0.277,70370913
0.273,70376916
0.277,70382919
0.278,70388922
0.28,70394926
0.29,70400928
0.285,70406931
0.277,70412933
0.28,70418943
0.28,70424946
0.298,70430949
0.267,70436953
0.263,70442956
0.277,70448959
0.285,70454962
0.304,70460963
0.277,70466973
0.282,70472976
0.292,70478979
0.277,70484983
0.276,70490986
0.286,70496988
0.289,70502991
0.262,70508993
0.28,70515003
0.289,70521006
0.286,70527009
0.274,70533012
0.285,70539016
0.288,70545018
0.304,70551021
0.285,70557023
0.286,70563033
0.284,70569036
0.285,70575039
0.29,70581042
0.275,70587045
0.277,70593048
0.267,70599051
0.287,70605053
0.282,70611063
0.261,70617066
0.286,70623069
0.293,70629071
0.277,70635075
0.278,70641077
0.272,70647080
0.279,70653081
0.285,70659093
0.275,70665095
0.279,70671099
0.267,70677102
0.274,70683105
0.288,70689108
0.29,70695111
0.29,70701114
0.276,70707115
0.278,70713125
0.28,70719129
0.267,70725131
0.282,70731134
0.276,70737137
0.263,70743140
0.279,70749141
0.279,70755142
0.255,70761155
0.268,70767158
0.277,70773162
0.28,70779165
0.28,70785168
0.293,70791171
0.298,70797173
0.284,70803233
0.277,70809246
0.267,70815249
0.268,70821253
0.282,70827256
0.282,70833258
0.279,70839261
0.277,70845264
0.277,70851324
0.259,70857336
0.277,70863339
0.279,70869342
0.275,70875346
0.264,70881348
0.277,70887351
0.286,70893353
0.262,70899413
0.268,70905426
0.261,70911430
0.288,70917433
0.276,70923437
0.267,70929440
0.261,70935442
0.281,70941445
0.276,70947504
0.275,70953516
0.293,70959519
0.276,70965523
0.285,70971526
0.288,70977529
0.277,70983532
0.267,70989534
0.282,70995594
0.272,71001606
0.301,71007609
0.272,71013612
0.25,71019616
0.283,71025619
0.282,71031622
0.295,71037624
0.281,71043684
0.282,71049696
0.292,71055700
0.274,71061703
0.273,71067706
0.281,71073709
0.281,71079712
0.271,71085715
0.255,71091774
0.282,71097786
0.271,71103790
0.263,71109793
0.279,71115797
0.282,71121800
0.264,71127803
0.277,71133806
0.285,71139865
0.253,71145876
0.282,71151879
0.29,71157882
0.275,71163885
0.277,71169888
0.295,71175891
0.278,71181894
0.269,71187953
0.244,71193966
0.277,71199969
0.286,71205973
0.255,71211976
0.288,71217979
0.288,71223982
0.277,71229986
0.263,71236045
0.277,71242056
0.271,71248060
0.282,71254063
0.288,71260066
0.27,71266070
0.261,71272073
0.278,71278075
0.275,71284134
0.269,71290146
0.277,71296149
0.295,71302153
0.274,71308156
0.277,71314159
0.279,71320162
0.279,71326165
0.277,71332227
0.277,71338234
0.272,71344237
0.277,71350240
0.286,71356243
0.269,71362247
0.223,71368250
0.295,71374252
0.251,71380255
0.287,71386263
0.274,71392266
0.272,71398269
0.288,71404272
0.277,71410275
0.268,71416278
0.264,71422281
0.285,71428283
0.273,71434293
0.272,71440296
0.304,71446299
0.275,71452303
0.277,71458306
0.272,71464308
0.274,71470311
0.28,71476313
0.264,71482323
0.284,71488326
0.282,71494329
0.258,71500333
0.274,71506336
0.278,71512338
0.271,71518341
0.277,71524343
0.271,71530353
0.45,71536356
0.288,71542359
0.272,71548363
0.278,71554366
0.291,71560368
0.277,71566371
0.277,71572373
0.271,71578383
0.261,71584386
0.277,71590389
0.277,71596393
0.255,71602396
0.282,71608398
0.299,71614400
0.285,71620403
0.255,71626413
0.277,71632416
0.285,71638419
0.271,71644422
0.275,71650425
0.298,71656428
0.275,71662430
0.276,71668433
0.288,71674484
0.276,71680487
0.262,71686490
0.278,71692494
0.277,71698497
0.303,71704500
0.281,71710503
0.271,71716504
0.271,71722513
0.278,71728516
0.286,71734519
0.277,71740522
0.282,71746526
0.281,71752528
0.276,71758531
0.289,71764534
0.29,71770543
0.278,71776546
0.271,71782549
0.269,71788553
0.275,71794556
0.29,71800558
0.279,71806561
0.293,71812564
0.267,71818573
0.277,71824576
0.277,71830580
0.279,71836583
0.277,71842586
0.282,71848589
0.277,71854592
0.25,71860594
0.277,71866603
0.278,71872606
0.288,71878609
0.237,71884612
0.273,71890616
0.281,71896618
0.267,71902621
0.305,71908623
0.282,71914633
0.277,71920636
0.299,71926638
0.264,71932642
0.289,71938645
0.258,71944648
0.277,71950651
0.265,71956653
0.29,71962663
0.27,71968666
0.277,71974669
0.269,71980672
0.261,71986675
0.28,71992678
0.278,71998681
0.306,72004683
0.255,72010693
0.269,72016696
0.277,72022699
0.285,72028702
0.259,72034706
0.274,72040708
0.276,72046711
0.255,72052712
0.277,72058722
0.271,72064725
0.254,72070728
0.278,72076732
0.277,72082735
0.266,72088738
0.265,72094741
0.277,72100744
0.281,72106753
0.25,72112756
0.277,72118759
0.277,72124762
0.279,72130766
0.275,72136768
0.279,72142771
0.275,72148772
0.282,72154783
0.259,72160786
0.294,72166788
0.277,72172791
0.285,72178794
0.277,72184797
0.288,72190800
0.268,72196802
0.278,72202813
0.277,72208816
0.266,72214820
0.269,72220823
0.281,72226826
0.282,72232829
0.277,72238832
0.276,72244834
0.289,72250843
0.277,72256846
0.277,72262849
0.25,72268852
0.273,72274856
0.288,72280858
0.281,72286861
0.281,72292864
0.276,72298872
0.277,72304875
0.277,72310878
0.289,72316881
0.274,72322885
0.261,72328888
0.268,72334890
0.266,72340893
0.291,72346903
0.285,72352905
0.275,72358908
0.25,72364911
0.277,72370915
0.302,72376918
0.277,72382921
0.255,72388922
0.277,72394933
0.269,72400935
0.255,72406939
0.286,72412942
0.304,72418945
0.278,72424948
0.266,72430951
0.272,72436953
0.271,72442963
0.274,72448966
0.271,72454969
0.271,72460973
0.272,72466976
0.262,72472978
0.282,72478981
0.289,72484983
0.251,72490993
0.282,72496996
0.304,72502999
0.272,72509003
0.275,72515006
0.309,72521008
0.282,72527011
0.266,72533013
0.282,72539023
0.293,72545026
0.28,72551029
0.272,72557032
0.255,72563035
0.271,72569038
0.282,72575041
0.278,72581043
0.248,72587052
0.287,72593056
0.291,72599059
0.277,72605062
0.266,72611065
0.283,72617068
0.288,72623071
0.28,72629074
0.279,72635083
0.271,72641086
0.277,72647089
0.277,72653093
0.266,72659096
0.286,72665099
0.295,72671102
0.275,72677104
0.277,72683112
0.29,72689115
0.275,72695118
0.269,72701121
0.285,72707125
0.308,72713127
0.277,72719130
0.254,72725131
0.276,72731143
0.271,72737145
0.288,72743149
0.274,72749152
0.269,72755155
0.307,72761158
0.264,72767161
0.271,72773163
0.272,72779173
0.277,72785176
0.277,72791179
0.277,72797182
0.25,72803185
0.282,72809188
0.277,72815191
0.279,72821193
0.287,72827203
0.258,72833206
0.278,72839209
0.271,72845213
0.282,72851216
0.255,72857218
0.278,72863221
0.27,72869223
0.228,72875233
0.255,72881236
0.281,72887239
0.277,72893242
0.276,72899246
0.277,72905248
0.25,72911251
0.277,72917253
0.275,72923313
0.29,72929326
0.255,72935329
0.282,72941333
0.302,72947336
0.277,72953339
0.273,72959341
0.253,72965344
0.271,72971404
0.277,72977416
0.277,72983420
0.25,72989423
0.285,72995426
0.27,73001428
0.298,73007431
0.252,73013434
0.281,73019493
0.271,73025506
0.282,73031509
0.275,73037513
0.278,73043516
0.277,73049518
0.271,73055522
0.267,73061524
0.277,73067584
0.286,73073596
0.266,73079599
0.289,73085603
0.266,73091606
0.29,73097608
0.276,73103612
0.28,73109615
0.298,73115674
0.281,73121686
0.274,73127689
0.281,73133692
0.271,73139695
0.278,73145698
0.271,73151701
0.282,73157704
0.304,73163764
0.311,73169776
0.275,73175779
0.286,73181783
0.251,73187786
0.281,73193788
0.286,73199791
0.277,73205795
0.28,73211853
0.268,73217913
0.288,73223916
0.281,73229920
0.269,73235923
0.296,73241926
0.255,73247928
0.277,73253931
0.269,73259990
0.274,73265996
0.271,73271999
0.277,73278003
0.273,73284006
0.26,73290008
0.277,73296012
0.282,73302015
0.255,73308076
0.277,73314083
0.263,73320086
0.289,73326089
0.269,73332093
0.273,73338096
0.278,73344098
0.277,73350101
0.281,73356103
0.266,73362113
0.266,73368116
0.277,73374119
0.277,73380123
0.275,73386126
0.277,73392129
0.269,73398131
0.29,73404134
0.281,73410143
0.267,73416146
0.277,73422149
0.28,73428153
0.25,73434156
0.274,73440158
0.268,73446161
0.278,73452163
0.258,73458173
0.292,73464175
0.266,73470179
0.288,73476182
0.252,73482186
0.285,73488188
0.266,73494191
0.281,73500193
0.281,73506203
0.263,73512206
0.295,73518209
0.275,73524213
0.278,73530216
0.277,73536218
0.266,73542221
0.29,73548223
0.284,73554233
0.277,73560236
0.258,73566239
0.286,73572243
0.28,73578246
0.253,73584248
0.276,73590251
0.294,73596253
0.278,73602263
0.277,73608266
0.266,73614270
0.301,73620273
0.279,73626276
0.278,73632279
0.265,73638281
0.28,73644283
0.261,73650293
0.291,73656296
0.284,73662299
0.274,73668303
0.304,73674306
0.248,73680309
0.279,73686311
0.279,73692313
0.284,73698323
0.279,73704326
0.281,73710329
0.282,73716333
0.274,73722336
0.287,73728339
0.274,73734341
0.277,73740343
0.269,73746353
0.288,73752356
0.272,73758359
0.291,73764363
0.277,73770366
0.278,73776369
0.274,73782371
0.277,73788373
0.263,73794383
0.29,73800386
0.281,73806389
0.271,73812392
0.304,73818396
0.264,73824399
0.278,73830401
0.285,73836403
0.28,73842413
0.275,73848415
0.281,73854418
0.277,73860422
0.277,73866425
0.277,73872427
0.285,73878430
0.266,73884432
0.276,73890442
0.277,73896445
0.277,73902448
0.279,73908451
0.275,73914455
0.295,73920457
0.277,73926460
0.28,73932462
0.282,73938473
0.277,73944476
0.286,73950479
0.268,73956482
0.291,73962485
0.259,73968488
0.274,73974490
0.277,73980492
0.282,73986503
0.279,73992506
0.269,73998509
0.277,74004512
0.274,74010515
0.277,74016517
0.258,74022520
0.282,74028522
0.276,74034533
0.28,74040536
0.273,74046539
0.237,74052542
0.27,74058546
0.303,74064548
0.258,74070551
0.282,74076553
0.29,74082563
0.279,74088566
0.251,74094569
0.286,74100573
0.279,74106576
0.267,74112579
0.277,74118581
0.277,74124583
0.309,74130593
0.277,74136596
0.272,74142599
0.293,74148602
0.277,74154605
0.277,74160608
0.277,74166611
0.271,74172613
0.277,74178623
0.292,74184626
0.243,74190629
0.25,74196632
0.271,74202635
0.285,74208638
0.26,74214641
0.303,74220643
0.277,74226703
0.277,74232716
0.29,74238719
0.277,74244723
0.304,74250725
0.261,74256728
0.288,74262731
0.284,74268733
0.289,74274793
0.296,74280806
0.273,74286810
0.277,74292813
0.295,74298816
0.285,74304819
0.263,74310821
0.277,74316824
0.288,74322884
0.277,74328896
0.29,74334899
0.279,74340902
0.258,74346905
0.292,74352908
0.277,74358911
0.277,74364914
0.281,74370973
0.299,74376987
0.289,74382990
0.275,74388993
0.288,74394996
0.277,74400999
0.301,74407002
0.248,74413004
0.28,74419063
0.277,74425076
0.304,74431079
0.281,74437082
0.282,74443086
0.296,74449089
0.28,74455091
0.276,74461094
0.287,74467153
0.293,74473166
0.277,74479170
0.277,74485173
0.284,74491176
0.272,74497179
0.295,74503182
0.271,74509184
0.291,74515244
0.286,74521256
0.255,74527259
0.301,74533262
0.268,74539265
0.289,74545268
0.277,74551271
0.277,74557275
0.286,74563334
0.277,74569346
0.277,74575349
0.305,74581353
0.274,74587356
0.287,74593359
0.275,74599362
0.288,74605365
0.277,74611424
0.262,74617437
0.286,74623440
0.277,74629443
0.282,74635446
0.28,74641449
0.273,74647451
0.277,74653455
0.296,74659514
0.291,74665526
0.277,74671529
0.282,74677533
0.277,74683537
0.277,74689539
0.278,74695542
0.277,74701545
0.279,74707607
0.277,74713613
0.288,74719616
0.26,74725620
0.278,74731623
0.277,74737626
0.279,74743629
0.301,74749631
0.276,74755634
0.288,74761643
0.272,74767647
0.279,74773650
0.291,74779654
0.259,74785656
0.282,74791659
0.29,74797662
0.286,74803672
0.242,74809675
0.293,74815678
0.277,74821682
0.283,74827685
0.268,74833688
0.28,74839691
0.275,74845695
0.289,74851702
0.281,74857705
0.26,74863708
0.277,74869711
0.279,74875715
0.285,74881718
0.275,74887721
0.277,74893724
0.275,74899732
0.264,74905735
0.281,74911738
0.268,74917741
0.284,74923744
0.28,74929747
0.264,74935750
0.309,74941753
0.285,74947762
0.275,74953765
0.277,74959768
0.263,74965771
0.287,74971775
0.28,74977777
0.282,74983780
0.277,74989783
0.293,74995792
0.277,75001795
0.277,75007799
0.288,75013802
0.251,75019805
0.277,75025808
0.277,75031811
0.259,75037814
0.26,75043822
0.279,75049825
0.282,75055828
0.262,75061832
0.282,75067835
0.276,75073838
0.279,75079840
0.277,75085843
0.277,75091852
0.281,75097855
0.277,75103858
0.288,75109861
0.262,75115865
0.288,75121868
0.255,75127871
0.291,75133874
0.277,75139882
0.277,75145885
0.296,75151888
0.265,75157892
0.277,75163895
0.272,75169898
0.241,75175900
0.277,75181903
0.288,75187912
0.298,75193915
0.272,75199918
0.279,75205922
0.264,75211925
0.29,75217928
0.252,75223931
0.293,75229933
0.273,75235942
0.275,75241945
0.277,75247948
0.277,75253951
0.274,75259955
0.271,75265958
0.275,75271961
0.277,75277964
0.289,75283972
0.263,75289975
0.282,75295978
0.275,75301982
0.278,75307985
0.277,75313988
0.266,75319991
0.274,75325994
0.275,75332002
0.277,75338005
0.267,75344008
0.277,75350012
0.271,75356015
0.298,75362018
0.271,75368021
0.271,75374024
0.271,75380032
0.266,75386034
0.279,75392038
0.276,75398041
0.268,75404044
0.266,75410047
0.281,75416050
0.274,75422052
0.275,75428062
0.267,75434065
0.278,75440068
0.274,75446071
0.277,75452074
0.277,75458077
0.249,75464080
0.286,75470084
0.276,75476092
0.277,75482095
0.273,75488097
0.258,75494101
0.275,75500104
0.277,75506106
0.266,75512109
0.277,75518112
0.277,75524122
0.288,75530125
0.274,75536128
0.266,75542132
0.277,75548135
0.239,75554138
0.29,75560141
0.257,75566144
0.272,75572152
0.285,75578155
0.277,75584158
0.26,75590162
0.275,75596165
0.276,75602168
0.268,75608171
0.272,75614174
0.282,75620184
0.277,75626185
0.277,75632188
0.258,75638192
0.277,75644195
0.289,75650198
0.277,75656201
0.275,75662204
0.265,75668215
0.299,75674275
0.281,75680278
0.277,75686282
0.277,75692285
0.257,75698288
0.276,75704291
0.273,75710294
0.264,75716304
0.209,75722364
0.299,75728367
0.263,75734371
0.272,75740374
0.271,75746377
0.265,75752380
0.274,75758383
0.271,75764394
0.277,75770454
0.26,75776458
0.277,75782462
0.277,75788465
0.271,75794468
0.291,75800471
0.262,75806474
0.265,75812485
0.273,75818545
0.279,75824548
0.267,75830552
0.272,75836555
0.278,75842558
0.264,75848561
0.272,75854565
0.293,75860574
0.268,75866634
0.291,75872638
0.268,75878642
0.276,75884645
0.269,75890648
0.276,75896651
0.288,75902654
0.296,75908664
0.274,75914724
0.277,75920727
0.266,75926731
0.275,75932734
0.265,75938737
0.277,75944740
0.274,75950743
0.281,75956755
0.267,75962815
0.278,75968818
0.277,75974821
0.286,75980825
0.282,75986828
0.269,75992831
0.282,75998834
0.284,76004844
0.274,76010904
0.282,76016908
0.253,76022911
0.305,76028914
0.255,76034918
0.293,76040921
0.277,76046924
0.276,76052935
0.29,76058995
0.262,76064998
0.286,76071002
0.277,76077004
0.276,76083007
0.282,76089010
0.244,76095013
0.268,76101025
0.255,76107084
0.278,76113088
0.272,76119091
0.275,76125094
0.308,76131097
0.276,76137100
0.252,76143103
0.277,76149115
0.291,76155174
0.277,76161178
0.344,76167182
0.253,76173185
0.272,76179189
0.274,76185191
0.278,76191195
0.277,76197205
0.264,76203264
0.299,76209268
0.286,76215271
0.282,76221275
0.283,76227278
0.277,76233280
0.277,76239284
0.282,76245295
0.279,76251354
0.277,76257358
0.271,76263362
0.266,76269364
0.273,76275368
0.274,76281370
0.291,76287373
0.25,76293384
0.272,76299444
0.274,76305447
0.25,76311451
0.272,76317454
0.277,76323457
0.277,76329460
0.304,76335463
0.267,76341475
0.277,76347536
0.274,76353537
0.282,76359540
0.27,76365544
0.271,76371546
0.257,76377549
0.277,76383552
0.272,76389565
0.263,76395567
0.272,76401627
0.29,76407631
0.275,76413634
0.277,76419637
0.34,76425640
0.268,76431643
0.271,76437655
0.277,76443657
0.28,76449717
0.277,76455721
0.277,76461724
0.273,76467727
0.268,76473730
0.293,76479733
0.272,76485736
0.283,76491745
0.276,76497805
0.318,76503808
0.274,76509812
0.274,76515815
0.254,76521818
0.27,76527821
0.282,76533824
0.277,76539834
0.279,76545835
0.276,76551838
0.261,76557841
0.277,76563844
0.284,76569847
0.298,76575850
0.276,76581853
0.265,76587864
0.269,76593924
0.267,76599928
0.277,76605931
0.284,76611934
0.29,76617937
0.274,76623940
0.277,76629944
0.279,76635954
0.276,76642014
0.277,76648018
0.274,76654021
0.272,76660025
0.291,76666027
0.275,76672030
0.268,76678034
0.271,76684045
0.261,76690105
0.269,76696109
0.277,76702112
0.277,76708116
0.275,76714119
0.293,76720122
0.281,76726125
0.278,76732135
0.266,76738195
0.277,76744198
0.277,76750201
0.277,76756205
0.277,76762208
0.281,76768211
0.276,76774214
0.293,76780225
0.273,76786284
0.25,76792288
0.281,76798291
0.288,76804294
0.277,76810298
0.271,76816300
0.248,76822303
0.288,76828315
0.281,76834374
0.271,76840378
0.254,76846382
0.272,76852385
0.277,76858388
0.281,76864391
0.293,76870394
0.267,76876406
0.259,76882465
0.287,76888468
0.281,76894472
0.276,76900475
0.265,76906478
0.277,76912481
0.277,76918484
0.279,76924495
0.299,76930554
0.29,76936558
0.277,76942561
0.27,76948564
0.258,76954568
0.279,76960570
0.278,76966573
0.272,76972585
0.277,76978644
0.266,76984648
0.278,76990652
0.292,76996655
0.299,77002658
0.296,77008661
0.286,77014663
0.291,77020675
0.281,77026734
0.275,77032738
0.277,77038742
0.274,77044746
0.275,77050749
0.277,77056752
0.277,77062755
0.269,77068765
0.28,77074827
0.277,77080828
0.281,77086831
0.289,77092834
0.289,77098837
0.291,77104841
0.304,77110844
0.277,77116855
0.267,77122857
0.298,77128917
0.277,77134921
0.279,77140924
0.277,77146928
0.28,77152931
0.277,77158934
0.288,77164945
0.282,77170947
0.264,77177007
0.261,77183011
0.274,77189014
0.269,77195017
0.279,77201020
0.29,77207023
0.258,77213035
0.273,77219036
0.299,77225096
0.285,77231100
0.3,77237103
0.293,77243106
0.288,77249109
0.304,77255112
0.258,77261125
0.277,77267127
0.255,77273187
0.277,77279192
0.289,77285196
0.277,77291199
0.252,77297202
0.279,77303205
0.293,77309215
0.288,77315217
0.29,77321277
0.265,77327281
0.274,77333284
0.245,77339287
0.273,77345290
0.277,77351293
0.278,77357305
0.267,77363307
0.265,77369367
0.274,77375373
0.288,77381376
0.278,77387379
0.277,77393383
0.28,77399386
0.262,77405396
0.261,77411397
0.262,77417457
0.272,77423461
0.277,77429464
0.281,77435467
0.277,77441471
0.294,77447474
0.269,77453486
0.277,77459488
0.282,77465547
0.278,77471551
0.302,77477554
0.277,77483557
0.264,77489560
0.266,77495563
0.28,77501576
0.285,77507578
0.281,77513637
0.298,77519643
0.279,77525646
0.274,77531649
0.271,77537653
0.267,77543656
0.278,77549666
0.28,77555668
0.263,77561727
0.277,77567733
0.277,77573737
0.282,77579740
0.285,77585743
0.288,77591746
0.275,77597756
0.223,77603758
0.301,77609817
0.276,77615823
0.287,77621826
0.286,77627830
0.276,77633833
0.271,77639836
0.277,77645845
0.277,77651848
0.277,77657907
0.277,77663913
0.273,77669916
0.272,77675919
0.259,77681922
0.26,77687925
0.282,77693935
0.28,77699937
0.278,77705997
0.276,77712003
0.284,77718006
0.304,77724009
0.299,77730013
0.302,77736016
0.293,77742019
0.272,77748025
0.281,77754084
0.277,77760088
0.271,77766091
0.275,77772094
0.291,77778097
0.278,77784100
0.284,77790104
0.269,77796115
0.271,77802175
0.271,77808179
0.268,77814182
0.25,77820186
0.254,77826189
0.254,77832192
0.264,77838195
0.275,77844201
0.262,77850263
0.259,77856323
0.27,77862327
0.274,77868330
0.272,77874333
0.25,77880337
0.282,77886345
0.233,77892348
0.277,77898349
0.288,77904350
0.268,77910353
0.254,77916356
0.282,77922359
0.277,77928363
0.26,77934375
0.255,77940378
0.266,77946380
0.262,77952381
0.276,77958384
0.291,77964387
0.26,77970390
0.246,77976393
0.289,77982405
0.272,77988408
0.275,77994409
0.271,78000410
0.266,78006413
0.271,78012416
0.267,78018420
0.266,78024423
0.277,78030435
0.29,78036438
0.277,78042440
0.26,78048441
0.264,78054444
0.252,78060447
0.265,78066450
0.275,78072454
0.25,78078465
0.266,78084468
0.277,78090469
0.267,78096529
0.266,78102533
0.265,78108536
0.272,78114540
0.29,78120543
0.268,78126546
0.267,78132555
0.258,78138557
0.267,78144617
0.281,78150621
0.271,78156624
0.254,78162627
0.25,78168630
0.272,78174632
0.266,78180646
0.25,78186647
0.25,78192707
0.249,78198711
0.271,78204714
0.25,78210717
0.239,78216721
0.263,78222724
0.275,78228735
0.266,78234737
0.261,78240797
0.264,78246801
0.263,78252804
0.259,78258807
0.276,78264810
0.267,78270812
0.277,78276826
0.271,78282827
0.277,78288828
0.278,78294830
0.266,78300834
0.259,78306837
0.255,78312840
0.236,78318842
0.282,78324856
0.254,78330857
0.275,78336917
0.265,78342923
0.25,78348926
0.265,78354929
0.277,78360932
0.277,78366935
0.265,78372945
0.263,78378948
0.263,78385007
0.252,78391011
0.24,78397014
0.271,78403018
0.282,78409021
0.272,78415024
0.277,78421036
0.277,78427038
0.276,78433098
0.266,78439103
0.273,78445106
0.273,78451110
0.252,78457113
0.267,78463116
0.277,78469126
0.278,78475128
0.281,78481187
0.289,78487192
0.286,78493195
0.279,78499198
0.277,78505201
0.264,78511204
0.277,78517215
0.277,78523217
0.265,78529277
0.263,78535280
0.279,78541284
0.277,78547287
0.271,78553290
0.277,78559293
0.267,78565306
0.275,78571309
0.269,78577368
0.271,78583372
0.295,78589375
0.288,78595379
0.266,78601382
0.239,78607385
0.29,78613395
0.263,78619397
0.262,78625457
0.244,78631460
0.271,78637464
0.285,78643467
0.266,78649470
0.272,78655473
0.263,78661485
0.264,78667488
0.269,78673547
0.278,78679550
0.268,78685554
0.274,78691557
0.271,78697560
0.282,78703563
0.258,78709576
0.264,78715578
0.25,78721637
0.267,78727643
0.29,78733646
0.282,78739649
0.272,78745653
0.263,78751656
0.277,78757666
0.277,78763668
0.277,78769730
0.277,78775733
0.289,78781736
0.247,78787739
0.245,78793743
0.271,78799746
0.26,78805755
0.27,78811758
0.281,78817760
0.261,78823820
0.265,78829824
0.244,78835828
0.25,78841831
0.239,78847834
0.271,78853845
0.264,78859848
0.269,78865849
0.271,78871850
0.286,78877853
0.286,78883856
0.287,78889859
0.285,78895862
0.248,78901875
0.25,78907878
0.266,78913880
0.25,78919940
0.254,78925944
0.244,78931947
0.247,78937950
0.232,78943954
0.271,78949966
0.266,78955968
0.277,78961970
0.273,78968030
0.262,78974034
0.238,78980037
0.243,78986040
0.258,78992044
0.258,78998055
0.259,79004058
0.262,79010060
0.277,79016120
0.262,79022123
0.257,79028127
0.237,79034130
0.26,79040133
0.269,79046136
0.263,79052146
0.249,79058148
0.257,79064207
0.268,79070212
0.271,79076215
0.276,79082218
0.262,79088221
0.25,79094224
0.263,79100235
0.264,79106237
0.263,79112297
0.237,79118300
0.255,79124304
0.271,79130307
0.266,79136310
0.269,79142313
0.251,79148326
0.266,79154327
0.275,79160387
0.272,79166391
0.284,79172394
0.267,79178398
0.277,79184400
0.288,79190404
0.255,79196416
0.284,79202417
0.265,79208477
0.242,79214480
0.239,79220484
0.259,79226487
0.252,79232490
0.247,79238494
0.277,79244506
0.262,79250508
0.26,79256568
0.26,79262572
0.266,79268575
0.28,79274578
0.275,79280581
0.255,79286584
0.268,79292596
0.268,79298598
0.282,79304658
0.269,79310662
0.262,79316665
0.26,79322668
0.285,79328671
0.263,79334674
0.274,79340685
0.267,79346687
0.269,79352747
0.269,79358750
0.278,79364754
0.275,79370757
0.26,79376760
0.261,79382763
0.268,79388773
0.264,79394777
0.255,79400836
0.264,79406840
0.285,79412843
0.275,79418847
0.269,79424850
0.262,79430853
0.258,79436865
0.267,79442868
0.244,79448927
0.25,79454930
0.262,79460934
0.26,79466937
0.256,79472940
0.262,79478943
0.269,79484955
0.267,79490958
0.259,79496959
0.268,79502961
0.266,79508964
0.284,79514967
0.281,79520970
0.269,79526974
0.269,79532985
0.272,79538988
0.282,79544989
0.277,79550990
0.277,79556994
0.267,79562997
0.258,79569000
0.263,79575003
0.267,79581015
0.265,79587018
0.239,79593080
0.26,79599083
0.255,79605086
0.25,79611089
0.257,79617093
0.262,79623096
0.276,79629105
0.277,79635108
0.284,79641109
0.288,79647110
0.271,79653113
0.266,79659116
0.269,79665119
0.268,79671123
0.265,79677135
0.267,79683138
0.294,79689140
0.275,79695141
0.269,79701143
0.274,79707146
0.277,79713149
0.282,79719153
0.255,79725165
0.266,79731168
0.267,79737169
0.271,79743170
0.255,79749174
0.26,79755177
0.263,79761180
0.251,79767183
0.277,79773195
0.281,79779198
0.304,79785199
0.304,79791200
0.286,79797204
0.284,79803207
0.275,79809210
0.266,79815213
0.248,79821225
0.275,79827228
0.263,79833230
0.267,79839231
0.277,79845234
0.288,79851237
0.277,79857240
0.277,79863243
0.269,79869256
0.268,79875258
0.271,79881260
0.3,79887261
0.276,79893264
0.257,79899267
0.266,79905270
0.275,79911273
0.275,79917285
0.274,79923288
0.252,79929289
0.267,79935349
0.283,79941353
0.277,79947356
0.271,79953360
0.277,79959363
0.282,79965375
0.301,79971378
0.277,79977379
0.268,79983380
0.265,79989383
0.276,79995387
0.268,80001390
0.277,80007393
0.27,80013406
0.277,80019408
0.276,80025410
0.277,80031411
0.269,80037414
0.248,80043417
0.269,80049420
0.285,80055424
0.266,80061435
0.277,80067438
0.288,80073440
0.273,80079441
0.263,80085444
0.26,80091447
0.277,80097450
0.277,80103453
0.277,80109466
0.302,80115468
0.263,80121469
0.267,80127470
0.281,80133474
0.279,80139476
0.274,80145479
0.26,80151482
0.276,80157496
0.275,80163499
0.266,80169500
0.277,80175501
0.277,80181504
0.277,80187507
0.277,80193510
0.29,80199513
0.254,80205525
0.272,80211528
0.279,80217530
0.277,80223531
0.281,80229534
0.279,80235537
0.278,80241540
0.278,80247544
0.262,80253555
0.277,80259558
0.271,80265559
0.237,80271619
0.268,80277623
0.263,80283626
0.269,80289629
0.304,80295632
0.276,80301645
0.273,80307648
0.287,80313650
0.282,80319710
0.277,80325714
0.282,80331717
0.267,80337721
0.25,80343724
0.277,80349736
0.277,80355738
0.276,80361740
0.277,80367800
0.298,80373804
0.279,80379807
0.277,80385809
0.264,80391813
0.272,80397826
0.253,80403828
0.266,80409830
0.295,80415890
0.281,80421894
0.278,80427897
0.261,80433900
0.252,80439904
0.281,80445915
0.303,80451918
0.301,80457920
0.277,80463980
0.285,80469983
0.289,80475987
0.291,80481989
0.304,80487993
0.277,80494005
0.282,80500008
0.315,80506010
0.271,80512070
0.277,80518074
0.29,80524077
0.281,80530080
0.277,80536084
0.304,80542095
0.285,80548098
0.277,80554100
0.277,80560160
0.275,80566163
0.291,80572166
0.302,80578169
0.298,80584173
0.255,80590185
0.276,80596188
0.283,80602190
0.285,80608250
0.282,80614254
0.282,80620257
0.28,80626260
0.277,80632263
0.269,80638266
0.271,80644275
0.274,80650277
0.277,80656337
0.271,80662343
0.279,80668346
0.29,80674349
0.304,80680353
0.291,80686356
0.298,80692365
0.29,80698367
0.251,80704427
0.277,80710431
0.278,80716434
0.275,80722437
0.277,80728441
0.262,80734444
0.294,80740455
0.288,80746458
0.272,80752517
0.26,80758520
0.271,80764524
0.279,80770527
0.277,80776530
0.275,80782533
0.275,80788545
0.276,80794548
0.281,80800607
0.272,80806611
0.268,80812614
0.266,80818617
0.258,80824620
0.264,80830623
0.274,80836636
0.277,80842639
0.292,80848698
0.269,80854703
0.267,80860706
0.26,80866709
0.266,80872712
0.25,80878715
0.293,80884725
0.277,80890728
0.286,80896729
0.286,80902731
0.278,80908733
0.271,80914736
0.269,80920739
0.266,80926743
0.276,80932757
0.277,80938760
0.263,80944822
0.272,80950824
0.271,80956827
0.263,80962830
0.267,80968833
0.252,80974846
0.266,80980849
0.264,80986851
0.271,80992853
0.276,80998854
0.277,81004857
0.265,81010860
0.266,81016863
0.257,81022876
0.266,81028878
0.267,81034881
0.271,81040883
0.263,81046884
0.268,81052886
0.256,81058890
0.271,81064893
0.25,81070906
0.272,81076908
0.277,81082911
0.277,81088913
0.25,81094973
0.262,81100976
0.267,81106979
0.275,81112983
0.237,81118996
0.272,81124998
0.267,81131001
0.29,81137003
0.273,81143063
0.26,81149067
0.264,81155070
0.265,81161073
0.272,81167086
0.266,81173088
0.262,81179091
0.265,81185094
0.273,81191154
0.267,81197157
0.252,81203160
0.26,81209163
0.26,81215175
0.25,81221178
0.263,81227181
0.264,81233183
0.294,81239243
0.277,81245246
0.284,81251250
0.27,81257253
0.274,81263256
0.263,81269265
0.269,81275268
0.23,81281270
0.275,81287330
0.289,81293334
0.263,81299337
0.264,81305341
0.254,81311344
0.278,81317356
0.259,81323358
0.275,81329361
0.245,81335421
0.247,81341424
0.249,81347427
0.239,81353430
0.244,81359434
0.261,81365445
0.267,81371448
0.242,81377450
0.258,81383510
0.257,81389514
0.264,81395517
0.29,81401520
0.273,81407523
0.279,81413535
0.254,81419538
0.252,81425540
0.257,81431541
0.265,81437544
0.285,81443547
0.288,81449550
0.265,81455553
0.252,81461565
0.263,81467568
0.282,81473570
0.266,81479571
0.291,81485574
0.279,81491577
0.279,81497580
0.271,81503583
0.25,81509596
0.266,81515598
0.261,81521601
0.245,81527660
0.246,81533664
0.261,81539667
0.269,81545670
0.271,81551674
0.267,81557685
0.263,81563688
0.267,81569690
0.291,81575750
0.267,81581754
0.275,81587757
0.263,81593760
0.271,81599764
0.25,81605776
0.276,81611778
0.266,81617781
0.268,81623841
0.274,81629845
0.271,81635848
0.257,81641852
0.272,81647855
0.266,81653865
0.266,81659868
0.271,81665871
0.254,81671933
0.271,81677934
0.29,81683937
0.261,81689940
0.255,81695944
0.263,81701956
0.274,81707959
0.272,81713961
0.272,81719963
0.263,81725964
0.267,81731967
0.277,81737970
0.274,81743973
0.244,81749986
0.259,81755989
0.25,81761991
0.261,81767993
0.269,81773994
0.287,81779997
0.262,81786000
0.264,81792003
0.263,81798015
0.257,81804018
0.257,81810020
0.271,81816082
0.278,81822083
0.255,81828086
0.252,81834089
0.265,81840093
0.261,81846105
0.242,81852108
0.266,81858110
0.271,81864172
0.273,81870173
0.272,81876176
0.261,81882180
0.263,81888183
0.28,81894195
0.271,81900198
0.268,81906201
0.23,81912203
0.264,81918263
0.262,81924267
0.271,81930270
0.268,81936273
0.266,81942285
0.284,81948288
0.263,81954291
0.237,81960294
0.242,81966354
0.277,81972357
0.281,81978360
0.262,81984364
0.262,81990376
0.276,81996378
0.263,82002381
0.229,82008383
0.259,82014443
0.25,82020447
0.259,82026450
0.268,82032454
0.259,82038465
0.255,82044468
0.244,82050471
0.248,82056474
0.252,82062534
0.257,82068538
0.254,82074542
0.261,82080545
0.257,82086555
0.26,82092558
0.228,82098560
0.25,82104563
0.26,82110623
0.256,82116627
0.249,82122630
0.264,82128633
0.266,82134646
0.257,82140648
0.277,82146651
0.277,82152654
0.263,82158714
0.264,82164718
0.261,82170720
0.267,82176724
0.24,82182735
0.251,82188738
0.262,82194741
0.268,82200743
0.271,82206803
0.273,82212807
0.227,82218810
0.265,82224813
0.234,82230826
0.268,82236828
0.266,82242831
0.277,82248834
0.279,82254893
0.255,82260897
0.264,82266900
0.271,82272903
0.25,82278916
0.253,82284918
0.266,82290921
0.266,82296924
0.264,82302983
0.259,82308987
0.261,82314990
0.234,82320993
0.258,82327005
0.25,82333008
0.249,82339011
0.238,82345014
0.26,82351074
0.239,82357077
0.248,82363080
0.26,82369083
0.259,82375087
0.233,82381096
0.255,82387098
0.264,82393102
0.271,82399161
0.285,82405165
0.26,82411168
0.25,82417172
0.263,82423175
0.252,82429185
0.255,82435188
0.277,82441191
0.284,82447250
0.251,82453254
0.254,82459257
0.252,82465260
0.241,82471263
0.259,82477317
0.26,82483319
0.242,82489322
0.268,82495384
0.271,82501385
0.267,82507388
0.269,82513391
0.257,82519394
0.255,82525405
0.252,82531408
0.263,82537411
0.268,82543413
0.257,82549473
0.261,82555476
0.259,82561479
0.277,82567483
0.258,82573495
0.264,82579498
0.29,82585501
0.255,82591503
0.253,82597563
0.251,82603567
0.25,82609570
0.263,82615573
0.244,82621586
0.258,82627588
0.268,82633591
0.25,82639593
0.256,82645594
0.239,82651597
0.267,82657600
0.271,82663603
0.266,82669615
0.268,82675618
0.281,82681621
0.257,82687623
0.255,82693624
0.25,82699626
0.25,82705629
0.261,82711633
0.249,82717646
0.263,82723648
0.272,82729651
0.257,82735652
0.254,82741653
0.248,82747656
0.262,82753659
0.259,82759662
0.264,82765675
0.276,82771678
0.263,82777681
0.247,82783683
0.264,82789743
0.274,82795747
0.251,82801750
0.234,82807753
0.25,82813766
0.244,82819768
0.252,82825771
0.28,82831773
0.26,82837833
0.247,82843836
0.261,82849840
0.273,82855843
0.266,82861855
0.271,82867858
0.25,82873861
0.266,82879863
0.26,82885923
0.204,82891926
0.278,82897930
0.265,82903934
0.26,82909945
0.255,82915948
0.275,82921951
0.278,82927954
0.268,82934013
0.246,82940017
0.271,82946020
0.266,82952023
0.275,82958036
0.262,82964039
0.26,82970041
0.265,82976045
0.26,82982104
0.276,82988107
0.283,82994111
0.264,83000114
0.269,83006126
0.277,83012128
0.232,83018131
0.276,83024134
0.291,83030194
0.265,83036197
0.277,83042200
0.271,83048204
0.277,83054215
0.335,83060218
0.256,83066221
0.264,83072224
0.274,83078283
0.278,83084287
0.258,83090290
0.266,83096293
0.262,83102306
0.266,83108308
0.263,83114311
0.268,83120314
0.292,83126376
0.264,83132377
0.255,83138380
0.245,83144384
0.267,83150395
0.263,83156398
0.251,83162401
0.277,83168404
0.273,83174406
0.271,83180466
0.276,83186470
0.254,83192473
0.282,83198486
0.264,83204489
0.247,83210492
0.273,83216495
0.267,83222496
0.255,83228556
0.25,83234560
0.269,83240563
0.267,83246575
0.262,83252578
0.254,83258581
0.29,83264584
0.287,83270586
0.307,83276587
0.282,83282589
0.278,83288593
0.284,83294596
0.281,83300606
0.282,83306609
0.304,83312611
0.279,83318613
0.277,83324673
0.286,83330677
0.271,83336680
0.286,83342683
0.278,83348696
0.282,83354698
0.266,83360701
0.273,83366703
0.277,83372763
0.299,83378766
0.266,83384769
0.271,83390773
0.274,83396786
0.262,83402789
0.277,83408791
0.274,83414794
0.26,83420854
0.266,83426857
0.282,83432860
0.266,83438863
0.263,83444876
0.243,83450878
0.265,83456881
0.272,83462883
0.264,83468943
0.303,83474946
0.265,83480949
0.261,83486953
0.295,83492966
0.277,83498969
0.259,83504971
0.258,83510975
0.255,83517034
0.255,83523038
0.239,83529041
0.257,83535045
0.277,83541055
0.26,83547058
0.257,83553061
0.253,83559063
0.254,83565123
0.256,83571127
0.264,83577130
0.264,83583133
0.255,83589146
0.258,83595148
0.25,83601151
0.248,83607153
0.26,83613213
0.255,83619217
0.26,83625219
0.259,83631222
0.252,83637236
0.244,83643238
0.264,83649241
0.277,83655244
0.267,83661303
0.277,83667306
0.255,83673310
0.25,83679313
0.264,83685325
0.254,83691328
0.257,83697331
0.264,83703333
0.266,83709392
0.26,83715396
0.262,83721399
0.261,83727403
0.244,83733415
0.25,83739418
0.252,83745421
0.256,83751426
0.255,83757485
0.256,83763488
0.241,83769492
0.249,83775495
0.26,83781505
0.224,83787508
0.273,83793511
0.289,83799514
0.264,83805575
0.254,83811576
0.247,83817579
0.25,83823583
0.262,83829595
0.25,83835599
0.233,83841601
0.255,83847604
0.251,83853606
0.277,83859666
0.252,83865670
0.262,83871673
0.242,83877685
0.267,83883688
0.294,83889691
0.266,83895694
0.277,83901696
0.279,83907756
0.272,83913759
0.26,83919762
0.254,83925776
0.26,83931779
0.26,83937781
0.271,83943784
0.268,83949786
0.272,83955846
0.252,83961849
0.25,83967853
0.264,83973865
0.282,83979868
0.254,83985871
0.255,83991874
0.255,83997876
0.257,84003936
0.254,84009939
0.25,84015943
0.254,84021946
0.26,84027996
0.274,84033999
0.251,84040002
0.25,84046004
0.246,84052064
0.248,84058067
0.254,84064070
0.255,84070075
0.278,84076078
0.277,84082081
0.253,84088085
0.25,84094087
0.25,84100146
0.232,84106150
0.252,84112153
0.254,84118165
0.236,84124168
0.255,84130171
0.262,84136174
0.256,84142176
0.259,84148236
0.223,84154240
0.266,84160243
0.251,84166255
0.197,84172258
0.254,84178261
0.283,84184264
0.263,84190266
0.269,84196326
0.25,84202329
0.249,84208332
0.269,84214346
0.257,84220349
0.247,84226352
0.25,84232355
0.254,84238357
0.258,84244417
0.252,84250420
0.25,84256424
0.261,84262435
0.261,84268438
0.264,84274441
0.26,84280444
0.261,84286447
0.247,84292506
0.25,84298509
0.26,84304512
0.254,84310516
0.255,84316526
0.261,84322528
0.257,84328531
0.252,84334534
0.251,84340593
0.241,84346597
0.25,84352600
0.274,84358604
0.254,84364616
0.258,84370618
0.249,84376621
0.242,84382624
0.231,84388686
0.246,84394687
0.239,84400690
0.261,84406694
0.227,84412706
0.25,84418709
0.255,84424711
0.254,84430714
0.255,84436715
0.253,84442716
0.254,84448719
0.247,84454722
0.25,84460735
0.244,84466738
0.255,84472741
0.276,84478744
0.252,84484746
0.22,84490806
0.257,84496810
0.257,84502813
0.278,84508825
0.25,84514828
0.262,84520831
0.275,84526834
0.239,84532836
0.255,84538896
0.249,84544900
0.261,84550903
0.236,84556915
0.252,84562918
0.269,84568921
0.257,84574924
0.247,84580926
0.232,84586986
0.244,84592990
0.237,84598993
0.252,84605006
0.254,84611008
0.25,84617011
0.25,84623015
0.25,84629016
0.25,84635076
0.25,84641080
0.234,84647083
0.273,84653095
0.267,84659098
0.26,84665101
0.25,84671105
0.25,84677107
0.25,84683167
0.236,84689171
0.26,84695174
0.251,84701177
0.249,84707186
0.228,84713189
0.244,84719191
0.248,84725194
0.234,84731253
0.248,84737257
0.252,84743260
0.233,84749263
0.239,84755276
0.232,84761279
0.26,84767282
0.25,84773284
0.254,84779343
0.244,84785347
0.25,84791350
0.25,84797353
0.25,84803365
0.25,84809368
0.242,84815371
0.256,84821374
0.26,84827433
0.25,84833436
0.248,84839440
0.234,84845443
0.276,84851456
0.252,84857458
0.25,84863461
0.25,84869464
0.259,84875523
0.255,84881527
0.266,84887530
0.252,84893533
0.25,84899545
0.255,84905548
0.25,84911551
0.25,84917555
0.247,84923614
0.242,84929617
0.253,84935623
0.267,84941626
0.235,84947636
0.25,84953639
0.267,84959641
0.25,84965645
0.25,84971706
0.224,84977707
0.258,84983710
0.298,84989713
0.25,84995716
0.277,85001725
0.251,85007728
0.26,85013731
0.271,85019733
0.25,85025734
0.236,85031737
0.26,85037740
0.269,85043743
0.257,85049756
0.277,85055758
0.252,85061761
0.228,85067764
0.251,85073824
0.272,85079828
0.25,85085831
0.253,85091834
0.246,85097846
0.25,85103848
0.263,85109851
0.25,85115853
0.254,85121913
0.251,85127917
0.263,85133920
0.259,85139923
0.241,85145935
0.263,85151938
0.263,85157941
0.281,85163943
0.271,85170003
0.25,85176007
0.25,85182010
0.252,85188013
0.252,85194026
0.228,85200028
0.257,85206031
0.277,85212033
0.271,85218093
0.25,85224097
0.23,85230100
0.259,85236103
0.232,85242115
0.252,85248118
0.257,85254121
0.254,85260123
0.247,85266183
0.227,85272187
0.258,85278190
0.246,85284194
0.263,85290206
0.245,85296208
0.251,85302211
0.304,85308213
0.248,85314273
0.245,85320277
0.251,85326280
0.259,85332283
0.255,85338295
0.268,85344298
0.25,85350301
0.247,85356304
0.245,85362363
0.247,85368367
0.249,85374370
0.255,85380374
0.253,85386385
0.249,85392388
0.237,85398390
0.251,85404393
0.26,85410453
0.217,85416456
0.255,85422459
0.264,85428463
0.265,85434475
0.248,85440478
0.25,85446481
0.261,85452486
0.262,85458545
0.25,85464549
0.244,85470552
0.243,85476555
0.252,85482558
0.245,85488565
0.237,85494568
0.24,85500571
0.255,85506631
0.251,85512634
0.254,85518637
0.252,85524641
0.264,85530644
0.246,85536655
0.251,85542658
0.277,85548660
0.258,85554722
0.255,85560724
0.252,85566727
0.25,85572730
0.247,85578733
0.264,85584746
0.269,85590749
0.262,85596752
0.249,85602814
0.25,85608815
0.223,85614818